reviewId,userName,userImage,content,score,thumbsUpCount,reviewCreatedVersion,at,replyContent,repliedAt,appVersion,app_name,app_id
b17d6178-3f5f-4638-8c53-ec08fe2e376c,SuperSeed12,https://play-lh.googleusercontent.com/a/ACg8ocLAAGNkpogYtvwN3uC6oYfpdi-y22SFLkEcWflVDao1T-Tb1w=mo,App crashes constantly! What happened?,3,0,9.1.60.1970,2026-06-30 16:17:40,"Hi. Thanks for reporting. Have you tried a quick reinstall? If that doesn't help, we'd recommend reaching out to our Customer Service at support.spotify.com. Just search “Contact Us”, and they'll be happy to help.",2026-06-30 16:32:04,9.1.60.1970,Spotify,com.spotify.music
8d9b55fa-8e01-4b71-8bd9-707702006f23,Armando Lozano,https://play-lh.googleusercontent.com/a/ACg8ocLcWuTyG50HiPBc49uedltBExkqQo0lFcr6_IIKDa5HNmGfOA=mo,"Have not explored all its' functionality. I pay the Duo Premium and add free is great. Really enjoy this app. All sorts of genres, podcasts and audio books! Lots to explore, discover and enjoy listening!",5,0,9.1.0.1147,2026-06-30 16:10:30,,,9.1.0.1147,Spotify,com.spotify.music
e01836c7-8ab9-447d-82b9-e844bdccb7c6,Bart Mathias,https://play-lh.googleusercontent.com/a-/ALV-UjVb2z6DoYJhw-j5vkFTT37EHIqUHBeSOrG3aotWB5s1t0SgTOfY,"it always worked fine until a day or so ago. now all I get is a black screen, no music",4,0,9.1.60.1970,2026-06-30 16:07:36,"Hi. Thanks for reporting. Have you tried a quick reinstall? If that doesn't help, we'd recommend reaching out to our Customer Service at support.spotify.com. Just search “Contact Us”, and they'll be happy to help.",2026-06-30 14:56:30,9.1.60.1970,Spotify,com.spotify.music
5c466440-f6b4-47a5-968b-386edf6ede7e,Neal Woelinga,https://play-lh.googleusercontent.com/a-/ALV-UjXpSJdmUqhDZ_fPOSS7NDzdPn94HonRFSUw-5i0lm_l_11CYBTx,WHY GO ANYWHERE ELSE. THEY GOT ALL YOUR ENTERTAINMENT NEEDS RIGHT HERE,5,0,9.1.60.1970,2026-06-30 16:06:10,,,9.1.60.1970,Spotify,com.spotify.music
e9171fcc-03f0-43d5-b403-6705a1e83639,Jenny Keith Ibanita,https://play-lh.googleusercontent.com/a/ACg8ocIs_O3qv0zXeC7tB3n0IIprPO-BGSBChfu3NlzU2Tc3XKGZaQ=mo,The first time that I used this at first I'm confused but it's easy to use and you can just search your favorite artist and the song will pop up,5,0,9.1.60.1970,2026-06-30 15:59:10,,,9.1.60.1970,Spotify,com.spotify.music
3ecd0837-473b-455e-8d6d-db71bef358b8,Avaa Nasouhi,https://play-lh.googleusercontent.com/a/ACg8ocLt3lWD2Tp0WyIKzzNbbRfv_5Wq3buJe1xcviMlFXjgJBb45g=mo,عالیه,5,0,9.1.60.1970,2026-06-30 15:52:53,,,9.1.60.1970,Spotify,com.spotify.music
696afad1-f923-47a4-b0a8-acfbb87f6f26,BAN X,https://play-lh.googleusercontent.com/a/ACg8ocJULTdjCL-8cVfHEiWyhWUQpAT2EONNA_vjtHAGONppDEizcg=mo,thanks for free music ✅,5,0,9.1.60.1970,2026-06-30 15:52:38,,,9.1.60.1970,Spotify,com.spotify.music
3d8ffba5-471a-4937-8635-bb353a43038b,Matt K,https://play-lh.googleusercontent.com/a-/ALV-UjWUbc2XZgPuFEU8ozpMOcR7FzvYmG8sY9AuYPmXC9f0hYvciuKr,great but is there anything I can do to make the app go faster? it has been incredibly sluggish lately. I turned off all video stuff and it's still slow.,5,17,9.1.50.1906,2026-06-30 15:52:33,,,9.1.50.1906,Spotify,com.spotify.music
c2aea215-8413-4af9-be1a-5b5ad53f4092,Kaivin Bragdon,https://play-lh.googleusercontent.com/a-/ALV-UjX-kiBECJtLh0J3HT3bd8XO-EbAa_YrIbAZ-VUOkSSudLNtAhJ6dA,I personally don't mind the in between song ads despite the fact that the ad breaks can be longer then some songs but the ads that show up and cover the album cover annoy me a lot. Other than that i find it a good app.,3,0,9.1.60.1970,2026-06-30 15:49:17,,,9.1.60.1970,Spotify,com.spotify.music
96e00a1a-45d5-4b34-9719-78e170fab8dd,Nikol Pavlova,https://play-lh.googleusercontent.com/a-/ALV-UjUMjUrQuGmM2Pb7Rc88NeFbze9ATDnR3XtptitK0YZkJgFLtd7J,еее писна ми да плащам. пускайте го безплатно вече,1,0,9.1.60.1970,2026-06-30 15:49:09,,,9.1.60.1970,Spotify,com.spotify.music
ce6af516-6123-4a7d-a766-3969a4b06146,Nosibusiso Makaphela,https://play-lh.googleusercontent.com/a-/ALV-UjVYIZ4PqEBBwPHeCksfGU5kRgpq8R37MheKCcRyCKaLFiUTmd8,great,5,0,9.1.60.1970,2026-06-30 15:48:29,,,9.1.60.1970,Spotify,com.spotify.music
90a18bed-28e6-4489-ae34-4841b5d1cb1f,Revolver Brothers,https://play-lh.googleusercontent.com/a-/ALV-UjWgg_-vdLqhJjzg9tcyBMpOYb9UyUn2K6GJbR4GkZddTY7VSfq4,I've used this app for almost a decade now.,5,0,9.1.60.1970,2026-06-30 15:44:23,,,9.1.60.1970,Spotify,com.spotify.music
d397cec6-fa59-4112-93d9-df2b15eab022,A JD,https://play-lh.googleusercontent.com/a/ACg8ocLmUNUcg6LT1F86Mhk68Kj2u1zImFDld4ovIJ3SXHk4bhvCsA=mo,good,5,0,9.1.60.1970,2026-06-30 15:41:59,,,9.1.60.1970,Spotify,com.spotify.music
8809553b-1c8a-4ba1-9a83-44c9ce8aae64,Seger Dean,https://play-lh.googleusercontent.com/a-/ALV-UjWijhZwArqGq2t9x8uSLNVfGeol-5S22VGjHzpbUkISPKX_pNw,the new update ruined this app. six skips per hour!! youve officially taken full control of my music im switching to another music app if you dont fix this. i do t have money for premium and these adds every 6 songs are so aggresive fu spotify fu,1,0,9.0.12.567,2026-06-30 15:38:37,,,9.0.12.567,Spotify,com.spotify.music
bb09eca7-be41-4f96-a2f9-6fcd38f098f0,Fernando López Fernández,https://play-lh.googleusercontent.com/a-/ALV-UjUZGzM4klGoOelGnsKx7UTCgvGVqOHK1E9s7JKwTBh8MZSnNM7lrQ,"there is something wrong with the new widget in my nova launcher, it does not work. please keep the old one",2,0,9.1.60.1970,2026-06-30 15:34:31,,,9.1.60.1970,Spotify,com.spotify.music
cdd073d4-443c-475a-9194-0c3fe3bc5d57,BLEON Leon,https://play-lh.googleusercontent.com/a/ACg8ocKBNElxmc1YK04JnL6o6hJW3h-7Z1dA-KzjbC4grNKyWUTsqw=mo,Best app for music and podcasts. love it,5,0,9.1.60.1970,2026-06-30 15:32:42,,,9.1.60.1970,Spotify,com.spotify.music
84f06d26-d786-4f0e-b1e1-a8e20e9df5fb,Gard,https://play-lh.googleusercontent.com/a-/ALV-UjUwXp_0N6I4_zAmllx9APyqi5ZNtDqdLHPsTCP_fBdoU4i4rNc7FQ,"Amazing app but, gets very laggy at times, probably with all the new updates, i enjoy the updates, but the lag and delay that comes with it is not enjoyable at all",4,0,9.1.60.1970,2026-06-30 15:32:32,"Hi. Thanks for reporting. Have you tried a quick reinstall? If that doesn't help, we'd recommend reaching out to our Customer Service at support.spotify.com. Just search “Contact Us”, and they'll be happy to help.",2026-06-30 16:18:40,9.1.60.1970,Spotify,com.spotify.music
9cd0e4ff-51c1-49ee-951b-5be3cdda715b,Solaika Abdullah,https://play-lh.googleusercontent.com/a/ACg8ocI3W2h5tvxwu4qJkNibzqaoIq6hBeoYBFqW5oXA1KNws76TBA=mo,It's beautiful my idol are in here❤️ I love Spotify 💞,5,0,9.1.60.1970,2026-06-30 15:31:56,,,9.1.60.1970,Spotify,com.spotify.music
5e27f054-4981-43db-983d-26a30608be04,E C,https://play-lh.googleusercontent.com/a/ACg8ocIAptVSvQ9j282PAyo6kmoXg9l3s_4UleYrFdOuSHCNKvaDrw=mo,Great selection and new music,5,0,9.1.60.1970,2026-06-30 15:23:11,,,9.1.60.1970,Spotify,com.spotify.music
24eb4e4e-8736-4d73-b9d1-0b573224581a,jacob thompson,https://play-lh.googleusercontent.com/a/ACg8ocLRfImmlhFlnPkw5fVB8FyETPRl4bYhEe5wfH-paH9-7_VINA=mo,terrible app and a pain to cancel premium,1,0,9.1.60.1970,2026-06-30 15:23:06,,,9.1.60.1970,Spotify,com.spotify.music
a1941471-f6f9-4161-9cac-5f86bab8fd48,Tadeo,https://play-lh.googleusercontent.com/a-/ALV-UjVUzstESFPoRnAnpJb_NkdwRQoASQl00IT2PF6CZiwdqu8H6_s,"muy buena app me gusta como se maneja, muy bien todo. Tiene cositas a mejorar como a lo mejor el ayudar un poco más a explorar y descubrir canciones nuevas q yo todo el tiempo busco. pero tiene momentos y momentos en eso pero el resto creería q bien a lo mejor agregar más cosas estéticas o personalizables",4,0,,2026-06-30 15:22:29,,,,Spotify,com.spotify.music
edbbffec-eb5c-4fd2-804b-03a7335daeab,Ebube Smart,https://play-lh.googleusercontent.com/a-/ALV-UjVJT0ny696sweas-P82WqL8xpF4Fq1aMtJEMOF4GKgeP_Vy5sVY,I love the vibe 😌,5,0,9.1.56.574,2026-06-30 15:22:06,,,9.1.56.574,Spotify,com.spotify.music
0ad84382-86b7-43d4-87a9-db7acff58a78,Dawn Callender,https://play-lh.googleusercontent.com/a/ACg8ocJeDpT9CL0qksyBSvg1BS4_W9VgQo79B_ie__YmBhRdQAXyJA=mo,All kinds of great music and podcasts,5,0,9.1.52.1394,2026-06-30 15:19:08,,,9.1.52.1394,Spotify,com.spotify.music
ab924917-eb4f-48a7-ba39-db31f262b2fe,A Mercer,https://play-lh.googleusercontent.com/a-/ALV-UjWI9-D3tcneyjHAYI2CZy_1mzuBzFo395g3BG8nRnBX3-U-4rXu,Working well until there's no service on my phone. Then it acts retarded and pretends like it didn't download every single song on my like list. Very frustrating.,3,0,9.1.44.2120,2026-06-30 15:17:29,"Hi. Thanks for reporting. Have you tried a quick reinstall? If that doesn't help, we'd recommend reaching out to our Customer Service at support.spotify.com. Just search “Contact Us”, and they'll be happy to help.",2026-06-30 15:36:58,9.1.44.2120,Spotify,com.spotify.music
ba701fc5-b103-4e94-bd9d-f42af976a8f0,Raine Lee,https://play-lh.googleusercontent.com/a/ACg8ocL3OzGK-UbPphq7iqQRuCyUgu3X-L-2PAmmrEv0oY8nOeefGw=mo,excellent,5,0,9.1.50.1906,2026-06-30 15:16:32,,,9.1.50.1906,Spotify,com.spotify.music
794447ec-2156-4251-95de-8baa813809e4,Sarah,https://play-lh.googleusercontent.com/a-/ALV-UjVeD08XiR5xS6-GgzPXGsReEadV54kk-Q9fNWL77E9JLJ1UtNMI,I loved it until today it put me on shuffle on my Playlist and I wanted to listen to my 3 fav songs amd after 1 of them it put me on hair dye and im not able to change it back,1,0,9.1.60.1970,2026-06-30 15:16:20,,,9.1.60.1970,Spotify,com.spotify.music
40ef62aa-c194-424d-84a3-03baa133cbf3,Eve Mutandwa,https://play-lh.googleusercontent.com/a/ACg8ocIYyQ2tYZb3CbvUXAp9lUi8l0CGXBp7iV-LE0mguITLIa-K4bk=mo,the best music app I have ever used I have been using it since 2023,5,0,9.1.60.1970,2026-06-30 15:16:07,,,9.1.60.1970,Spotify,com.spotify.music
18eb1d67-a3be-43ec-a953-f9453428c671,Paula Bynum,https://play-lh.googleusercontent.com/a-/ALV-UjWrnxo-YpKoAntEJBso42U1hHWhuiRoIPanZbzqaRMDgEAAa0Bl8A,Very good music app.,5,0,9.1.60.1970,2026-06-30 15:14:25,,,9.1.60.1970,Spotify,com.spotify.music
33660c87-394a-4bfa-89e5-d604f13c9528,Brusha PaintBrush,https://play-lh.googleusercontent.com/a-/ALV-UjUf0-DhegQC7xJ0ZbrXZ2JyzG_bAYUki-vHhJCHMey0qHNeYJdd,it is good but treats the free version very bad. I always get my skips wasted because it only gives me recommendations and not the playlist I wanted to listen to. this company is no selfish and greedy,3,0,9.1.60.1970,2026-06-30 15:11:44,,,9.1.60.1970,Spotify,com.spotify.music
7dbc8592-5e45-45ff-af80-749b559d3827,Susan Jones,https://play-lh.googleusercontent.com/a/ACg8ocITMuixNm4XM67KlJinTFZrwxs0SyiC1tej8BIL8XmQL-3Msw=mo,great love my daily pods,4,0,9.1.60.1970,2026-06-30 15:02:57,,,9.1.60.1970,Spotify,com.spotify.music
06e9e4ad-5239-468a-8d47-4013ee142b1f,Geby Senolinggi,https://play-lh.googleusercontent.com/a-/ALV-UjUjIuNglVQod368phzTOGaSdljAjNJa5vDVbGe5M8zfx9M941cl,terlalu banyak iklan,4,0,9.1.42.2058,2026-06-30 15:02:39,"Kami mendengarnya dan kami akan meneruskan umpan balik Anda ke tim Iklan. Untuk pengalaman bebas iklan, kami sarankan untuk mencoba paket Premium kami. Jika Anda belum pernah memiliki paket Premium sebelumnya, Anda seharusnya memenuhi syarat untuk uji coba kami. Anda juga bisa melihat penawaran lainnya dengan mengunjungi spotify.com/premium.",2026-06-30 15:41:01,9.1.42.2058,Spotify,com.spotify.music
b05df7f5-2416-460a-b7c9-0780c78c109c,Andy Matus,https://play-lh.googleusercontent.com/a/ACg8ocKP8VnaZQGjtmQS2yyLa7axK9lynNubKZ8XSAFJ_cdQ8FQiXw=mo,I get to play what I want,5,1,9.1.60.1970,2026-06-30 14:59:04,,,9.1.60.1970,Spotify,com.spotify.music
d15a4842-c428-482f-91ad-1693b1af8d27,Graham Larrithson,https://play-lh.googleusercontent.com/a-/ALV-UjXeNDz0tAT1hHR8NEpBwcePd7dCHHun3uSefVr8-A7iX7QZMs0,not having premium sucks so bad. Lots of music but the artists don't get paid enough,2,1,9.1.60.1970,2026-06-30 14:58:19,,,9.1.60.1970,Spotify,com.spotify.music
97b3f639-78be-47e2-b07f-e20b1b9fddff,Zach Monroe,https://play-lh.googleusercontent.com/a/ACg8ocJ6h_YSRbR-v7N4n9cWEMqLHXJFuj5T6ulh2rb15A5wfanIpA=mo,"I would give a half star, I talked to 8 different people, so proof that they took out charges just from them to blame everyone but them and wont refund me my money. go anywhere else for your music then Spotify they will tooknyour money and blame everyone after you show everything that they need. and you will never talk to the same person I went through 8 different people. they dont care about customer or there miss up",1,1,9.1.60.1970,2026-06-30 14:53:36,,,9.1.60.1970,Spotify,com.spotify.music
233373c2-7611-4804-9f8e-cb75dd414895,Kenshen Sosa,https://play-lh.googleusercontent.com/a/ACg8ocKmN6K1WVM8U5Oo3CXtaoZfdbpqXaLi103IvRr9cibJc6nvrw=mo,pawfect🤞😍,5,1,9.1.60.1970,2026-06-30 14:49:59,,,9.1.60.1970,Spotify,com.spotify.music
1ef5eebf-d155-4a54-ae10-72c4d4067dfd,Hope Kaoma,https://play-lh.googleusercontent.com/a/ACg8ocIR3lCmi2_nrLNQww0G5RBcGNqoBdoevFgh8AoN0R5KB8Wz6vc=mo,laka,5,1,9.1.60.1970,2026-06-30 14:42:38,,,9.1.60.1970,Spotify,com.spotify.music
da2cac25-bf36-4466-b73c-fc546fa1b4b1,Eman Fatima,https://play-lh.googleusercontent.com/a-/ALV-UjWxYBpGq_Mm2ZJANuWt-mkBl4iiBgfNK8knFGhwbcwuqu9hSWU,good like it,5,0,9.1.60.1970,2026-06-30 14:41:38,,,9.1.60.1970,Spotify,com.spotify.music
c9750e79-f07d-45b5-8235-7f3ade33810f,Olagboye Adeola,https://play-lh.googleusercontent.com/a/ACg8ocJQGyIB90EOwyxk-XQMC8We6M_OOXc5z1An-V-LiDyV--Am85g=mo,This App is good to hear music from it as person that why I am get on my phone,4,1,,2026-06-30 14:40:46,,,,Spotify,com.spotify.music
03d9ebb3-cf06-4687-801a-f9c9f38fc8bd,simon williams,https://play-lh.googleusercontent.com/a-/ALV-UjV9rHbcjCm7XKrCqkLBEvmeCkqnhFmhltpNieYqfPDXiLUa10Ja,"I'm profoundly deaf, and I use the ""sound tube bar"" as a gift from my missus. Spotify has given me the opportunity to explore the richness of all kinds of music genres, whether it's rock, pop, or something else. Spotify provides the lyrics in order for me to follow the beat and rhythm of the songs using my soundbar speakers. I think Spotify has done a fantastic job. Perhaps they could add an interpreter to sign for each song that deaf people like to watch and feel the vibration of the sound.",5,0,9.1.60.1970,2026-06-30 14:40:13,,,9.1.60.1970,Spotify,com.spotify.music
1aea6281-00d3-482f-ac2d-1cf4ffb9fa88,AJ Martin,https://play-lh.googleusercontent.com/a/ACg8ocI2pMLu_1j5j3hblwg5NZl5MaP3SHPTFRnpyJFjv8Z66Prl1xU=mo,"app keeps force closing or it won't open at all. did not have this problem until I got the premium. feels like a setup, I do not like this",1,0,9.1.60.1970,2026-06-30 14:38:24,"Hi. Thanks for reporting. Have you tried a quick reinstall? If that doesn't help, we'd recommend reaching out to our Customer Service at support.spotify.com. Just search “Contact Us”, and they'll be happy to help.",2026-06-30 14:56:57,9.1.60.1970,Spotify,com.spotify.music
3f1a3961-bbe2-4c69-ab9b-c580ee99f6b6,Wiktoria,https://play-lh.googleusercontent.com/a/ACg8ocKdKHzARk-gsU9YQefKaGNiqsjHn6Hepqpt48Zx0sS-Vfqe3g=mo,Great streaming app,4,0,9.1.60.1970,2026-06-30 14:37:37,,,9.1.60.1970,Spotify,com.spotify.music
ca4d7e15-0180-49f5-98cf-3a108cad774d,Bryan Gerbrandt,https://play-lh.googleusercontent.com/a-/ALV-UjXEcA1WJTKUUcWXsLWJTwpu_4rR1zojtqhVTkct1d60EeEzgxvA,please please please require verified artists (with check mark) so listeners can have the option to avoid AI.,3,0,9.1.60.1970,2026-06-30 14:34:35,,,9.1.60.1970,Spotify,com.spotify.music
d42e8644-8709-4e59-9768-77f2d197b78d,Talon Redman,https://play-lh.googleusercontent.com/a-/ALV-UjXtux9nAXp9dEwru8LkSa0rgUs6g9lQyPgiejz8XfdjwfKTpaQE,youtube music is better,3,0,9.1.60.1970,2026-06-30 14:32:12,,,9.1.60.1970,Spotify,com.spotify.music
dd39db31-2f66-44e5-877b-2d82ae5f0bf5,Yakubu Philemon Ayomide,https://play-lh.googleusercontent.com/a-/ALV-UjXyNVEy81GxHXsSie_m9qRYPqanFECZuhCdR9o6CJgP0iYtox3Z,Epic 👌🏽 Always on point. I'm heartfully loving it!,5,0,9.1.60.1970,2026-06-30 14:28:13,,,9.1.60.1970,Spotify,com.spotify.music
8f5c4957-84a9-4844-ac0b-8bd7c2b8a998,Melinda Farkas,https://play-lh.googleusercontent.com/a/ACg8ocJixrLla1UXf57tilme1A-ZW3yuAqhcvZYjrH1au2Wdqb1Z1g=mo,Spotify is awesome!!!!,5,0,9.1.60.1970,2026-06-30 14:23:54,,,9.1.60.1970,Spotify,com.spotify.music
0bbb2ede-d167-4515-bf15-64bb35dd6051,Aubrey Msowoya,https://play-lh.googleusercontent.com/a-/ALV-UjVh7IJyXPJW9xgL4rf33_rb1EiiOPWLbaPf5l1O_EM0gEQhpptZ,I only listen music here🔥,5,0,9.1.60.1970,2026-06-30 14:22:56,,,9.1.60.1970,Spotify,com.spotify.music
1563ee63-96ca-45d0-9a36-d0f9b48ae94d,Markara D,https://play-lh.googleusercontent.com/a/ACg8ocIaJCxbQpZCu23tzRQV_I_DiKFJ1Cy9po7Il_e384ohx_G9e0s=mo,"The spotify experience has gotten much better for me, since I can hide artists.",5,15,9.1.60.1970,2026-06-30 14:22:01,,,9.1.60.1970,Spotify,com.spotify.music
ac8441e7-a5c0-4c3a-9842-0cc4cd143e2e,Samuel Nkansah dwamena,https://play-lh.googleusercontent.com/a-/ALV-UjUXCGHi2RtEyXdEg3dIvBR5uLQDjVI_FNgrZlhRTH7Fc2iIMYI,Amazing App that gives you the best ever,5,0,9.1.60.1970,2026-06-30 14:20:30,,,9.1.60.1970,Spotify,com.spotify.music
f4d0f287-1ee4-4204-a900-108435187ff5,Marjorie Gervasi,https://play-lh.googleusercontent.com/a-/ALV-UjWOk6jlDi4M9FFy-z1Rb4Qd8Xn1rgPk4uf4KC1uQ_dolGz7SuFLHA,never use ts,2,0,9.1.60.1970,2026-06-30 14:12:39,,,9.1.60.1970,Spotify,com.spotify.music
667c7aaa-966a-4ac0-bfc3-ca409f9383d0,Suleiman Abdulmalik,https://play-lh.googleusercontent.com/a/ACg8ocK8XRCW_YlerwKf8IpFWr6XM8BHTRpilFav3ygzNG2l63hLfw=mo,Too much adverts,5,0,9.1.60.1970,2026-06-30 14:09:26,,,9.1.60.1970,Spotify,com.spotify.music
15bd30d8-da37-4d6d-88d1-9aa7ea28bc5a,Tshepiso Ngobeni,https://play-lh.googleusercontent.com/a/ACg8ocJ1ufvO9BxSBGxrYyqyL8MmOVWGFdfLQDHf3x5vwkAtih2nhQ=mo,Great app with a huge music library. it's easy to use and the sound quality is excellent.,5,0,9.1.60.1970,2026-06-30 14:09:11,,,9.1.60.1970,Spotify,com.spotify.music
4d749331-0a63-42af-966f-ff2126f9baed,John mark Osorio,https://play-lh.googleusercontent.com/a/ACg8ocLcOFYIF6MlZJ4lEOpx4Dx6jKDVJuqnjEJ8hRgCWLS9Tl7VOA=mo,All the sound here was beautiful and there is no part of the music that will suddenly get cut off,5,0,,2026-06-30 14:07:41,,,,Spotify,com.spotify.music
1d7a1a1e-255a-4f8d-a144-6c1b49b50ff8,Melakai Corona,https://play-lh.googleusercontent.com/a-/ALV-UjWkcaU2AQIi0RVDmH5ZolqhWmvgp0Ky5j5JRwaZENyvNzU9t9Lq,gives me 3 adds after every song,2,0,9.1.60.1970,2026-06-30 14:07:07,"Hi. We'll pass this on to our ads team. Furthermore, have you tried a quick reinstall? If that doesn't help, you should give our Customer Service a shout by heading to support.spotify.com and searching ""Contact us"". They'll help you report this.",2026-06-30 14:26:58,9.1.60.1970,Spotify,com.spotify.music
2468f075-6ee7-49fb-bbd3-d7c59cb68955,Juan Rojas,https://play-lh.googleusercontent.com/a/ACg8ocJh8dEpACOsRc0-EOCEsbShDqTilVZf8SavujCRulHeN2KaaA=mo,suck a s s s s s s doesn't wanna work with ps5,1,0,9.1.60.1970,2026-06-30 14:05:44,,,9.1.60.1970,Spotify,com.spotify.music
d5016d08-c258-4207-9221-c976241ee267,Alexander olive,https://play-lh.googleusercontent.com/a/ACg8ocKlYIjh7qfxKknVsjXtEov1XXu2eaLwkWbau4IvYXdtURt0qw=mo,nice,5,0,,2026-06-30 14:01:42,,,,Spotify,com.spotify.music
ef283293-1fa3-4e1d-9cdf-088f3b517e9c,Cassy H.,https://play-lh.googleusercontent.com/a/ACg8ocJQrBMN2KzTvxOnaRQZh9akVWkwqz-a8DqqgactARmjxpYN51c=mo,App never works. Constantly a black screen no matter what I do. Update: Spotify response is not clear/ in a language I don't speak.,1,0,,2026-06-30 14:00:14,"Hola. Gracias por informar. ¿Ha intentado una reinstalación rápida? Si eso no ayuda, le recomendamos que se comunique con nuestro Servicio de atención al cliente en support.spotify.com. Simplemente busca ""Contactar con nosotros"", y estarán encantados de ayudarte.",2026-06-30 13:56:13,,Spotify,com.spotify.music
f47f0c56-7a3d-4765-8138-a5d3eab0d1b4,Anikho Mabhena,https://play-lh.googleusercontent.com/a/ACg8ocLBsFVKUxstvWkuLnpHhvMT1_H1NorsAd0PukeNhM5TYmqlBQ=mo,good,5,0,9.1.60.1970,2026-06-30 13:53:53,,,9.1.60.1970,Spotify,com.spotify.music
7c8a0bde-b4ba-4ada-bbc5-ecd1ab107424,Ramon Jaramillo,https://play-lh.googleusercontent.com/a/ACg8ocIWkGWwfjPj8vrfBpQ3-g--dl1OytyNmpVinOQpmK9avJbfxQ=mo,just use SoundCloud,1,1,9.1.60.1970,2026-06-30 13:52:51,,,9.1.60.1970,Spotify,com.spotify.music
40528f7b-1b67-4ab4-b4ad-e389cff42105,Gordo Gordo,https://play-lh.googleusercontent.com/a/ACg8ocK98_CA7amrNwZWIzOnb4TSEtHxZeIKc-VY4qfIToJoxf0IFg=mo,there's no ads I love but there's no ads ☺️,5,0,9.1.60.1970,2026-06-30 13:51:04,,,9.1.60.1970,Spotify,com.spotify.music
5c7c7c0f-3fbe-4213-b1e7-da58b75b3ff3,bright dume,https://play-lh.googleusercontent.com/a/ACg8ocILRwis1gz3wkNHUwfY0p0l6LLyBndHpLIRQM1SvHWlTzTDKw=mo,Great app,5,0,9.1.60.1970,2026-06-30 13:50:06,,,9.1.60.1970,Spotify,com.spotify.music
c1bea9ec-b8d0-4536-9a24-5f4c3e814854,KyzzBoysReview,https://play-lh.googleusercontent.com/a/ACg8ocKPpZN-HipXqd6F5vWnT4KUCQI0SyQwT7LisLfPQAQ3twrW5Q=mo,Bagus dan cepat,5,0,,2026-06-30 13:47:22,,,,Spotify,com.spotify.music
fc51b070-3239-4ce1-b1f4-3e5f2b7ac63a,Said Bouzekri,https://play-lh.googleusercontent.com/a/ACg8ocKdegLYxQVI8F2BL5kNMTUWxXrJnlGUy-9jFTkrY-D8FvNUHw=mo,when is free is very good,4,0,9.1.58.1567,2026-06-30 13:47:19,,,9.1.58.1567,Spotify,com.spotify.music
42e3e5d3-676c-45b2-8eda-97c07b5171e3,Jameelha onezime,https://play-lh.googleusercontent.com/a/ACg8ocKwJTImAwgM-ZpNQiobs9fv_Eh_mzyMIsSjMAWrOUqv7JrzBQ=mo,"keeps saying no connection even though my connection is good, and just right after I paid for premium, it's not even due yet, I can't even listen to my music because I'm offline even though like I said I have very good internet, and my songs pause for no reason, and now I can't even listen to music without it restarting my phone after the first song and I paid for premium so I wouldn't get adds but now it's giving me all these problems",1,0,9.1.44.2120,2026-06-30 13:46:12,,,9.1.44.2120,Spotify,com.spotify.music
309ad8ad-1d0d-4326-aab4-684bc675d41c,Mary “Mom's Travel Team” Loeza,https://play-lh.googleusercontent.com/a-/ALV-UjWq-QGN8xsM5B1ydXSZeQD-sY5t8U3193uigAqgqNaY8lGqTDBq,"has been crashing for the past month. checked for updates, unintmstalked and reinstalled and halfway through every song the app closes. Annoying and intolerable",1,0,,2026-06-30 13:44:48,"Hi! Thank you for reporting this and for your troubleshooting efforts. Have you tried a clean reinstall? This is a step above a normal reinstall. Steps can be found at support.spotify.com by searching ""Reinstall"". If that doesn't help, contact Customer Service by searching ""Contact Us"".",2026-06-30 13:58:52,,Spotify,com.spotify.music
4f047c67-8a6f-45a0-8cb1-c94185352274,Anubhuti Jain,https://play-lh.googleusercontent.com/a-/ALV-UjUW7FClJCbsSz7bBBHEVgYjcZkIQ_hHA3tpyY9XllhODDTRcxG1,"I'm hating spotify the most rn. It is literally asking for premiums for everything. It is like taking away our freedom. I have always loved listening to songs on spotify. But this latest update is really bad. For skipping, choosing songs, and for whatnot, there's premium. It's so damn annoying",1,0,9.1.4.1171,2026-06-30 13:39:27,,,9.1.4.1171,Spotify,com.spotify.music
e9e5fa91-8e35-4a4e-8dc8-7ad465076317,Billy Wynne Davis,https://play-lh.googleusercontent.com/a/ACg8ocJTeMR9o18flR17vxGC1R4j5sgaeDITTup0xGakTXvuEdB_uQ=mo,"good, obscure music available",5,0,,2026-06-30 13:38:25,,,,Spotify,com.spotify.music
e1dbbc35-ff03-405b-a9c3-edd3c808aa0b,Fartball Mcnugget,https://play-lh.googleusercontent.com/a-/ALV-UjWTBLWB6R-Xd6ldzIq7eOjZzewI6cDMtQKNKfTQq-Ow3VLtw6o,"so like, the music and app in all is good. but I CANT stop getting the same ads every time, and I get exactly 1-2 minutes worth of ads for literally ONE four or two minute song. the ads are INCREDIBLY out of hand, I don't need one minute worth of ads after sobbing my eyes out to a mitski.",2,0,9.1.60.1970,2026-06-30 13:38:12,,,9.1.60.1970,Spotify,com.spotify.music
9e0152a6-5619-488d-a98d-6ef8fa2d1333,Joan Torres,https://play-lh.googleusercontent.com/a/ACg8ocJv3PZhgO8Zj63mWhNfw_3_Rc10o7tRT1fDnwNPwD8fZ-Fj3Yo7=mo,excellent,5,0,9.1.60.1970,2026-06-30 13:37:17,,,9.1.60.1970,Spotify,com.spotify.music
af386928-bf53-48c6-b92e-776daf00152d,Abdulkadir Muhammad nuhu,https://play-lh.googleusercontent.com/a/ACg8ocLv6tgjXoGMFtJgkiptaAonsOWxNiLrnJQRQDbx4nMYSbsA2A=mo,Nice app,1,0,,2026-06-30 13:34:54,,,,Spotify,com.spotify.music
305cfa6c-2282-43e2-abab-a64b327f0f0b,Aniyah Wallace,https://play-lh.googleusercontent.com/a/ACg8ocKVzyeqMVbM6ILlpQwTp6GRMcSL1WWUkkfEdYPciMVpFkZ5kQ=mo,best app!,5,0,9.1.60.1970,2026-06-30 13:30:42,,,9.1.60.1970,Spotify,com.spotify.music
bded72d0-9e5b-44ec-866b-c899cd8e1397,Dominic Broccoli,https://play-lh.googleusercontent.com/a/ACg8ocLLlDHAT3dOshAVVJBba1rArJ_J4LtBfI97SPJ_uA1htsdhsQ=mo,Spotify is a great app there is a paid option but it just makes the experience 10 times better than it already is but you do not need it to have a wonderful time listening to all of your favorite artists and music creators,5,0,9.1.60.1970,2026-06-30 13:30:10,,,9.1.60.1970,Spotify,com.spotify.music
ff80ad5d-4ba2-4e72-811b-4152356ae10e,ashraf samy,https://play-lh.googleusercontent.com/a-/ALV-UjWC9XWdlMmxVRBeiXOwumuRD1sHIEOERKcW4uVXq-3T_6qpx6Eq,ممتاز,5,0,8.7.30.1221,2026-06-30 13:28:49,,,8.7.30.1221,Spotify,com.spotify.music
2f167a09-c503-44e0-8fd6-58e52ff28ce4,Saravana Kumar,https://play-lh.googleusercontent.com/a-/ALV-UjXvht0tocgdSJE9w5nr1sIu8XgCT4brfqb5CpKmJlUAx_vHQKHK,worst app,1,0,,2026-06-30 13:27:30,,,,Spotify,com.spotify.music
39eec584-f235-43e1-9a2d-d846aeab6719,Nathan Cretacci,https://play-lh.googleusercontent.com/a/ACg8ocIuBZScuE6HQRAk38MIqv-iQxkxpEQvw5RE5cE-6zbETCx9CXI=mo,audio quality could be better if you dont have premium app is not worth it,4,0,9.1.60.1970,2026-06-30 13:23:45,,,9.1.60.1970,Spotify,com.spotify.music
763b3ba3-2fd5-4a89-8444-ccfef4c3f14e,Rearabetswe Mokoena,https://play-lh.googleusercontent.com/a/ACg8ocLe80XybgIHJXvJitlQBVdf5fQTvt-ARFYLlihnnVTmykSdvg=mo,Best music app,5,0,9.1.60.1970,2026-06-30 13:23:18,,,9.1.60.1970,Spotify,com.spotify.music
5cdf6e36-96f1-466c-a112-c22524694cbc,正Ð亗ϾłPŁΞメ,https://play-lh.googleusercontent.com/a-/ALV-UjX_-yRQO9JBy-Y3yYeUsp1jfxunP_Ku8REH47Jj-syC4X-h-bw,"I get ads every second song and third song bro plus the ads is 3 of 3 not even one ad, FREAKING 3 in a row of ads, so annoying.",2,1,9.1.60.1970,2026-06-30 13:23:12,,,9.1.60.1970,Spotify,com.spotify.music
a7a564ad-749b-496a-9eb9-cadd0b640752,Larysa Cackowska,https://play-lh.googleusercontent.com/a-/ALV-UjUolDiqGJvKgxEEoXr3thKHg6NjQhYoOl99I_dvuNxK3M0dfCk,best app ever,5,1,,2026-06-30 13:22:28,,,,Spotify,com.spotify.music
16fbaa5f-3bcd-43fb-ada3-8b3436b812f7,awofisayo olalekan,https://play-lh.googleusercontent.com/a/ACg8ocIS6pXkO2HCB9_OfSkTAbsXnM3bPpWLvvNSw4RhUG9Sr-VvwQ=mo,non stop entertainment.,5,1,9.1.60.1970,2026-06-30 13:22:28,,,9.1.60.1970,Spotify,com.spotify.music
256e5a0c-9c62-44f9-a366-cbf8483282c5,Riley,https://play-lh.googleusercontent.com/a-/ALV-UjXuWbBCNCJ6vCkLofVlm02o7DbSGMSTB1rCYXb4ImlSWbdRLj35,"I love Spotify!! I use it daily to listen to music & podcasts on my Galaxy Buds 3 Pro. Its truely awesome however there are some paid features. To access them you must pay a fee of around £12 / a month* Some things this subscription allows you to is to stream music AD-free, stream songs offline, play songs in ANY order & alot much more However, one feature I would like Spotify to add is the ""eat this playlist"" feature. It was a great way to make playlist feel a bit more fun! 🙌 Thanks, Riley.",5,8,9.1.60.1970,2026-06-30 13:20:27,,,9.1.60.1970,Spotify,com.spotify.music
22baf74d-fad7-4ccb-8bec-222e64a46850,actor,https://play-lh.googleusercontent.com/a-/ALV-UjXPZs0_AIV3itQvj-WkPN9VMFVV49qF20ZprgNWbqq8uhJ8OQ,😘👌🏾,5,1,9.1.60.1970,2026-06-30 13:20:22,,,9.1.60.1970,Spotify,com.spotify.music
5dc05db9-707f-4aeb-97a8-2d9c9cb69b98,sean beverly,https://play-lh.googleusercontent.com/a/ACg8ocLH8AfFFyo--9T2sUBMZKyccUVw7jIIfOAd9REqp3XNhuAtAQ=mo,cool if you have premium tbh,5,0,9.1.60.1970,2026-06-30 13:18:17,,,9.1.60.1970,Spotify,com.spotify.music
ee6b4b5c-18f1-4402-b40d-67fee5f1f071,Saaliha Motala,https://play-lh.googleusercontent.com/a-/ALV-UjVRwaNJGJJpFFpGDYgG3e-lujx_JFGgoWfOreSzv9sp67VKwRU,amazing!!,5,0,9.1.60.1970,2026-06-30 13:15:30,,,9.1.60.1970,Spotify,com.spotify.music
f6fc0f96-8835-4252-a70e-5c5bd751a0f1,Byron Bledsoe,https://play-lh.googleusercontent.com/a-/ALV-UjXxw3uA-d-vLe8oNzEVQNrVS86sC7Amg5h4OwWZtUqwnj5L3Xg,"The new widget on Android barely works half the time because y'all tried to add too many features to it, please bring back the older simplistic widget. Either bring back the old widget or simplify the new widget so it works more reliably and I'll revise my review to include the stars.",1,1,9.1.60.1970,2026-06-30 13:15:10,,,9.1.60.1970,Spotify,com.spotify.music
7eb96cc8-9482-46e6-b01a-2608565729e2,Bear Grills,https://play-lh.googleusercontent.com/a/ACg8ocJTlR243kb3UDmAauuEn1RI47xhOrIXtlMxWDvYvw7V8EsYXw=mo,mast bidhuu,5,0,9.1.60.1970,2026-06-30 13:15:06,,,9.1.60.1970,Spotify,com.spotify.music
ea53244b-ca3f-4963-be7f-aafeaa6bdaf4,Eric Gummert,https://play-lh.googleusercontent.com/a/ACg8ocJECjtuYO6eeYLyopheunq18QVAaBcSxBAEfGF2rvhvzbxjVQ=mo,Buggy as hell.,1,0,9.1.60.1970,2026-06-30 13:11:43,,,9.1.60.1970,Spotify,com.spotify.music
5efbd2c0-903d-43c5-a1e4-e9807de62ef2,Peter Danladi,https://play-lh.googleusercontent.com/a/ACg8ocKK4Nd_foYseGG50gw_dUCi41DI8itI_uQOH6xr5OIdaqVFmQ=mo,best music app ever,5,0,9.1.52.1394,2026-06-30 13:09:04,,,9.1.52.1394,Spotify,com.spotify.music
aca90209-681c-4285-bd55-8df322d1ec08,Charlotte Poe,https://play-lh.googleusercontent.com/a/ACg8ocKBmWsFG0_5VdpdQ2kSiFmtdgptxg7JBu07qT9W93iVqBQXEA=mo,your music is really great and I love listening to it on Facebook because that's where I hear it. thank you for sharing it with everyone.,5,0,9.0.94.274,2026-06-30 13:04:33,,,9.0.94.274,Spotify,com.spotify.music
05394403-4839-4513-a5b0-d34c1aa7b69a,Vertastic,https://play-lh.googleusercontent.com/a-/ALV-UjV49CtFD48vlAftFN5XvTgueDmZ8d7JOMGBQZXxuJ62JrrLghrW,"They allow and promote AI ""music""",1,0,9.1.60.1970,2026-06-30 13:03:39,,,9.1.60.1970,Spotify,com.spotify.music
686a996b-9077-471e-92fc-4a429af99cc2,Doler Ali,https://play-lh.googleusercontent.com/a/ACg8ocIaGZON7-hpzjS_gMIa5UNuvOp8UH2koO7glLI2PpwAtLdxNMI=mo,just ok ❤️‍🩹❤️‍🩹,5,0,,2026-06-30 13:01:37,,,,Spotify,com.spotify.music
f27c6b40-b60b-42ff-aca3-602333c86571,Percy Williams,https://play-lh.googleusercontent.com/a/ACg8ocKnIeagrO3g43hhdvyHN7ZULyEyixVfCfxnnNyLeeP-i5TNpQ=mo,"My favorite music app,the best in the world.. Love it very much.Thanks.",5,1,9.1.60.1970,2026-06-30 13:00:09,,,9.1.60.1970,Spotify,com.spotify.music
3120a7de-6ff0-4285-b18a-e7c99eeb1998,Tahwain,https://play-lh.googleusercontent.com/a-/ALV-UjUrC8aYVC2eBnZ-iauwJnWOyv_15TnFPoX-OWiYUXIy35HA2QuW,great app,5,1,9.1.52.1394,2026-06-30 13:00:08,,,9.1.52.1394,Spotify,com.spotify.music
ac60ff57-fee0-472a-9a1c-9286c5dfbf0c,Victor uche,https://play-lh.googleusercontent.com/a-/ALV-UjXKAm_1kafPWZsOO4br59dA6oRyqIqA6Fnc8Cah_GwHvy0W_e8,.... literally no words. the downloads said it all,5,0,9.1.56.574,2026-06-30 13:00:06,,,9.1.56.574,Spotify,com.spotify.music
616db294-c3d6-4d4b-be94-245619b57356,Hage Hage,https://play-lh.googleusercontent.com/a/ACg8ocIbjbJutBTSM7pIQZCOpjFUKt7Ljk1JeQfXFN9cb8oQPzPz-A=mo,full of ads,1,1,9.1.60.1970,2026-06-30 12:59:07,"Hey! We hear you and we'll pass your feedback along to the Ads team. For an ad-free experience, we'd recommend checking out our Premium plans at spotify.com/premium. If you've never had Premium before, you should be eligible for our trial.",2026-06-30 13:56:34,9.1.60.1970,Spotify,com.spotify.music
73faf1f7-9adb-45a6-8698-f3ded60495dc,1Four!,https://play-lh.googleusercontent.com/a-/ALV-UjX9ToZmv5QRCGu_hov4_AqTgR5zBmgg9zQXTRi_WBD1tCpSMkWq,"To review comments, please buy premium",1,2,9.1.60.1970,2026-06-30 12:58:03,,,9.1.60.1970,Spotify,com.spotify.music
214138af-bc7e-43f0-bdf9-af59c0c6c1f0,kate charles,https://play-lh.googleusercontent.com/a/ACg8ocKi-rXyU6HNTDe7uW-ClqePYIleJI71xZkMy_96e8Qwzp_ewQ=mo,Disappointing. I prefer BBC Sounds.,1,0,9.0.90.1229,2026-06-30 12:56:26,,,9.0.90.1229,Spotify,com.spotify.music
36ad7bbc-4c04-49e3-af39-7c463fe6f81a,Ntuthuko Mseleku,https://play-lh.googleusercontent.com/a/ACg8ocIVHDj_u9A2oJvoY806nM1xKWKmLz8ULvq71HeknqHkZWToUQ=mo,I love sportfire because need people have data,4,0,,2026-06-30 12:54:50,,,,Spotify,com.spotify.music
d1436c3c-4155-4fb0-9191-f59e7ee53cd6,Александр Кладченко,https://play-lh.googleusercontent.com/a-/ALV-UjXxINVz1kOBdH3-PvE2DeMmWlMUD7xazmGJ67ZlwaYqcMuwTxrh,I NEED you to make the FREE version NOT seem like a TORTURE DEVICE,2,0,9.1.60.1970,2026-06-30 12:53:54,,,9.1.60.1970,Spotify,com.spotify.music
6a7f2291-71dc-4da6-97ce-9889cd5ca90f,ashraful islam,https://play-lh.googleusercontent.com/a-/ALV-UjWpTZdyixdVZBitudvbZ_LlwujdtPCK-MdH8-vt4-AtAZ91cbOJ,it is great,5,1,9.1.60.1970,2026-06-30 12:51:58,,,9.1.60.1970,Spotify,com.spotify.music
8dc47875-ca01-4866-8125-d129ceff3d14,Rio,https://play-lh.googleusercontent.com/a-/ALV-UjVIECinCJyA-E1KSkSKzEmKm6hthdh5WKr2CHJaiYtffFbGIT2E,makes you pay to play the song u want,1,0,9.1.60.1970,2026-06-30 12:44:57,,,9.1.60.1970,Spotify,com.spotify.music
34cf8bcb-3869-47fd-bfa7-4e92e5f0f4ec,Tracy Pillar,https://play-lh.googleusercontent.com/a/ACg8ocKpj6XCKbL-Pf3ZneU9MHZ4w4jehfMoKGK4sVIv4_f5_d7GDw=mo,I love this too,5,0,9.1.56.574,2026-06-30 12:43:51,,,9.1.56.574,Spotify,com.spotify.music
915f1d43-0709-4974-ad43-efe7f1c85e07,Evie Fellows,https://play-lh.googleusercontent.com/a/ACg8ocJElNgUquhMG_cLgr3Wp-3H7YiaX-cRNYbCtlCt4H5vC0eYAw=mo,I actually like this I don't really like the ads but I love it and it's easy to make playlist and search songs :3,5,0,9.1.60.1970,2026-06-30 12:41:15,,,9.1.60.1970,Spotify,com.spotify.music
277b8d83-5d7b-4d9f-9fc7-6e6e77178eda,V Castellana,https://play-lh.googleusercontent.com/a/ACg8ocJG8e9iI0RpVq0LZ-bod_vMx868qK4eew_AZopxFDQOloBt8Q=mo,"Si possono mettere in evidenza solo 4 canali, e soprattutto non si possono raggruppare i canali, così che risulta difficile razionalizzare i canali seguiti. Non si può cancellare una cartella. Non si può operare dal sito, che reindirizza forzatamente all'App. Ti dice che l'abbonamento Premium è scaduto anche se non lo hai mai attivato. Spesso non si avvia, specie offline, anche dopo decine di tentativi.",4,0,9.1.60.1970,2026-06-30 12:40:30,"Ciao. Abbiamo ricevuto il tuo feedback e ci piacerebbe ricevere maggiori informazioni a riguardo. Se hai tempo, contatta il nostro Servizio Clienti. Puoi trovarli andando su support.spotify.com e cercando ""Contattaci"".",2025-12-25 02:41:41,9.1.60.1970,Spotify,com.spotify.music
31e586f1-fb20-49ff-9694-cb1a39b3b369,MaYoMaN 4 Gaming,https://play-lh.googleusercontent.com/a-/ALV-UjXSa8BVsGchaxbA84Ae_Vx4f9yKUtvSSqq3yXb-8ih7hZCYa4tV,best for music 🎶,4,0,9.1.60.1970,2026-06-30 12:37:09,,,9.1.60.1970,Spotify,com.spotify.music
d364430c-c0e7-46cc-83d7-2b1ff1d1bafa,Ryan,https://play-lh.googleusercontent.com/a/ACg8ocJbCAJWAEVG0wqWP-f_ZOZb_9A2ssYsNXdfuekF9SP55EenKw=mo,It so good,1,0,9.1.60.1970,2026-06-30 12:36:38,,,9.1.60.1970,Spotify,com.spotify.music
c5bc25ff-3661-4ae4-bf73-9bb99ad8f06c,Family life Dental clinic,https://play-lh.googleusercontent.com/a/ACg8ocKZ_HzcL-gON0W5-7qdYpHQd7QjjPyfKFDEqgkCaK2mDZG2Bw=mo,no adds,5,0,9.1.60.1970,2026-06-30 12:33:10,,,9.1.60.1970,Spotify,com.spotify.music
0b2e224f-7d83-4524-a6e8-0ea79bb777bf,Garfield Taylor,https://play-lh.googleusercontent.com/a/ACg8ocJECtHE7eWAZVd2swRbETmsueACXbc35b4JBjp8eO3eLtT1jw=mo,Spotify tell me why I have to get premium JUST TO PLAY MY OWN MUSIC? and there's so much adds. even YouTube music Is better than this app,3,0,9.1.60.1970,2026-06-30 12:31:06,,,9.1.60.1970,Spotify,com.spotify.music
b08dfdb7-d76e-4b1f-a2e5-1978b4b41c65,Maryanne brown,https://play-lh.googleusercontent.com/a-/ALV-UjUY83Vh9FL5UOB9kzBQnigCfNwaqyRN4AbQNzJLdbFwtGbOJIfGzw,love it,5,0,9.1.60.1970,2026-06-30 12:29:41,,,9.1.60.1970,Spotify,com.spotify.music
1bc3719c-0131-4e87-b01b-ac03111f222d,Dave Sumner,https://play-lh.googleusercontent.com/a/ACg8ocIORK0Tu2nz89EZbwjnc55HtIC5HnkvW49u32VA8bX533sZgw=mo,"On the whole, the app is great but, for some reason very recently, the app keeps losing the play queue. I add enough songs to last a day but for some reason, if I close the app it loses the play queue and I have to start all over again.",4,4,9.1.60.1970,2026-06-30 12:27:55,,,9.1.60.1970,Spotify,com.spotify.music
fd65f0d0-7b4d-4280-bab1-8d839bd08d52,Sakshi,https://play-lh.googleusercontent.com/a/ACg8ocINiB0nxOB1SX9eHJCqrQa1VkVymRKCSpiTIIMqwrJNDQTW1w=mo,they should play songs related to the songs played by the user at first,3,0,9.1.60.1970,2026-06-30 12:27:02,,,9.1.60.1970,Spotify,com.spotify.music
0189e67c-44d7-4d1b-b492-3290c1abf2a8,Jahnvi AK,https://play-lh.googleusercontent.com/a-/ALV-UjXw-b3pHW8F_XYiOwFL9OV4_ZZdTVIUzpRx3eadMlU7f3Jx29Iq,amaze amaze amaze🛐,5,0,,2026-06-30 12:20:26,,,,Spotify,com.spotify.music
ad863b2d-b45e-4874-b8db-f6341b313538,Mohamed Fadhil,https://play-lh.googleusercontent.com/a/ACg8ocKrQZAB7Hf09-9YvewDjSoAcqdBlvsMqCEXyuZ5jZw89TocLNU=mo,Awesome,5,0,9.1.60.1970,2026-06-30 12:20:25,,,9.1.60.1970,Spotify,com.spotify.music
f659d905-6cd4-4951-960f-4780936612da,Solar Blue,https://play-lh.googleusercontent.com/a/ACg8ocIGmCn4cBUNChNqlHrIZiV1KBH06FPW3sHwG71ne-lWK49hnA=mo,👍,5,0,9.1.58.1567,2026-06-30 12:19:36,,,9.1.58.1567,Spotify,com.spotify.music
b075d0f7-8256-466b-8c18-23e1f5c95f20,Allien John Patentes,https://play-lh.googleusercontent.com/a-/ALV-UjWrh0bJNE6xv8hPS2IkcLmbiSom34WFBnvnJZTLv4SDd94eAimsaQ,"One of the best apps I've downloaded. The features are useful, and the performance is excellent.",5,0,9.1.60.1970,2026-06-30 12:17:42,,,9.1.60.1970,Spotify,com.spotify.music
cc7ffc06-4259-4db1-820e-cd3fd9f9323b,Jo Phillips,https://play-lh.googleusercontent.com/a-/ALV-UjVesSIVr9BJxfxE9xidZOF7qJMCvP_MT36t8ZscH59KHZH11yb2,Listen to this all the time. Recommend songs not always spot on and app pretty easy to navigate but sorting and filtering not always easy or the find in My Playlist. But enjoy lyrics and info re artists,4,0,9.1.60.1970,2026-06-30 12:13:37,,,9.1.60.1970,Spotify,com.spotify.music
94587694-c0ef-4445-b5a2-bb27a52b3163,Ray L,https://play-lh.googleusercontent.com/a-/ALV-UjU972oBRoqzVgcpevHPgcyL2UaiUoDueDfM8L2RaHvj1m0RM6Ng5g,The button to add this song to a playlist just.......... doesn't work,1,1,9.1.60.1970,2026-06-30 12:13:13,"Hi! We’d love to get some more info about this. If you have the time, give our Customer Service a shout. You can find them by heading to http://support.spotify.com and searching ""Contact us"".",2023-09-25 22:54:59,9.1.60.1970,Spotify,com.spotify.music
d80e0042-e653-429c-9091-012f4a928d44,Justine-Leigh Opperman (Stienie),https://play-lh.googleusercontent.com/a-/ALV-UjW9Q9ggS4Xg0ULNZxOS1UZnnXk4RxDiWeCxNnDQExD15cJRXrM,dear Spotify I've been with you guys for a long time now. I had premium and it went off this month but it went off two times so it cost R69.99 and it is R69.99 × 2 = R139.98 that they took from my bank I please would like my R69.99 back as I did not appreciate that they took that money. I'm very unhappy about this. Regards Justine-Leigh Opperman,2,0,9.1.60.1970,2026-06-30 12:10:51,"Hey there! We'd love to get some more info about this. If you have the time, give our Customer Service a shout. You can find them by heading to support.spotify.com and searching ""Contact us"".",2026-06-30 12:33:26,9.1.60.1970,Spotify,com.spotify.music
2149ef89-1642-4324-8556-106574d529c1,Basit Ayinde,https://play-lh.googleusercontent.com/a-/ALV-UjU2u6usE5nP1J2wxhkojNUhDBetJbwcP9yHpmCijh76x0n90qLJ,Best put decrease your subscription to 900 back pls 😭😭,5,0,9.1.58.1567,2026-06-30 12:10:09,,,9.1.58.1567,Spotify,com.spotify.music
f8a0e379-7996-4c81-804d-90e728bef064,BRIDGET MUKAMI,https://play-lh.googleusercontent.com/a/ACg8ocJEHvRY7owxrHvpAY4b24uWj1FmXo0CzL96aQk979Brm1Alj30=mo,too good for gospel music,5,0,9.1.60.1970,2026-06-30 12:09:20,,,9.1.60.1970,Spotify,com.spotify.music
31d9cafa-61aa-4aa1-8ae1-5c5b631db399,Chris Simutami,https://play-lh.googleusercontent.com/a/ACg8ocLs0duSHulH9v0odQMxXSGHtgnt_P3SIDQThHqcCO7vr1Nb=mo,splendid,4,0,9.1.52.1394,2026-06-30 12:07:39,,,9.1.52.1394,Spotify,com.spotify.music
134e7d76-717c-4263-9cf1-a96dffc700db,J B,https://play-lh.googleusercontent.com/a/ACg8ocKWTg1RNSl2LffoMkqVVjzuDWHluV4XJajOkequJPgbC3pXHg=mo,hey can you stop removing my liked songs? thatd be spectacular. ive been on here for nearly the entire 20 years. tens of thousands of songs ive clicked like on and they all disappear over and over....,1,0,9.1.58.1567,2026-06-30 12:07:00,"Hi! Thanks for letting us know. We’d like to investigate further. If you have time, could you reach out to our Customer Service? You can find them by heading to support.spotify.com and searching ""Contact us"".",2026-06-30 13:11:38,9.1.58.1567,Spotify,com.spotify.music
4eab78d0-6347-45aa-b53a-adb7e3a28f95,Маската BG,https://play-lh.googleusercontent.com/a-/ALV-UjWo5UYoc6EbZoTLDXWAuAoD8ZuiIDzG1sjWdlOgvp4Jg9pArJ9_,simple the best,5,0,9.1.60.1970,2026-06-30 12:06:13,,,9.1.60.1970,Spotify,com.spotify.music
d1496e29-6261-4d3d-8e35-1db9e02909e4,Sherri Delgado,https://play-lh.googleusercontent.com/a/ACg8ocI_oDgVMviDKyklc3qFy55rDTphtc6FQPZIzXdqKFlrqgWmFw=mo,well overall its okay..but it adds songs that I dont even add..and 6 skip per hour sucks,5,0,9.1.60.1970,2026-06-30 12:05:29,,,9.1.60.1970,Spotify,com.spotify.music
9b88ab97-5ad8-41e8-b463-548b20de50b7,Melody Grande,https://play-lh.googleusercontent.com/a-/ALV-UjVCuQqKYlnNWzWErIDZ4yafvxMKkKyP9Y12lzCgpE8dd6eARok,very satisfied,5,0,9.1.60.1970,2026-06-30 12:04:09,,,9.1.60.1970,Spotify,com.spotify.music
29c1218b-15ae-4aee-8670-3bc9ddb1e41c,Darren Cook,https://play-lh.googleusercontent.com/a-/ALV-UjVT8KexfvMfdzevzo1m-ixHUKNMtjgwtiXWHn1SB6YEoOx6CSYXoA,I couldn't live without SPOTIFY!!!,5,0,9.1.60.1970,2026-06-30 12:01:15,,,9.1.60.1970,Spotify,com.spotify.music
1d2dbbdd-f90e-4356-b975-f2cfcaa5bcad,Donald Ross,https://play-lh.googleusercontent.com/a/ACg8ocI-DSr1UPJ4IYu_JENY1_WeC1ngYVhqq1M04lxhNaMJOIdxbQ=mo,great,5,0,9.1.60.1970,2026-06-30 12:00:56,,,9.1.60.1970,Spotify,com.spotify.music
103b8445-f2dc-428b-94f6-829e0dc83de3,Michael Storm,https://play-lh.googleusercontent.com/a/ACg8ocLqSTCN_l4zrXU5wZbALRezxsqIj6RLTj-lARDUsdSOjNIp61k=mo,"Lyrics have disappeared after the recent update just has ""About this Song"" and ""About this Artist"" songs that used to have lyrics now don't and can't find it anywhere scrolling down",3,0,9.1.60.1970,2026-06-30 11:57:48,,,9.1.60.1970,Spotify,com.spotify.music
722bba57-1afc-4cf0-86f1-40298c509cc2,Arti Pandey,https://play-lh.googleusercontent.com/a/ACg8ocKzhyzxKAu1k-2LV6-qWVMePSZJzUeT6v27EvWKfbP7x3irkA=mo,besttttttttttttt 🛐,5,0,9.1.58.1567,2026-06-30 11:57:18,,,9.1.58.1567,Spotify,com.spotify.music
5a6fc031-6686-4286-9354-bdf492f38d66,Tonya ferreira,https://play-lh.googleusercontent.com/a-/ALV-UjV9m4uHPgtlnE1rtB_j1L9fjS9v3Vo9q6pptMG9_Ew-8eNgiPYa,best music app,5,0,9.1.60.1970,2026-06-30 11:53:26,,,9.1.60.1970,Spotify,com.spotify.music
684c4d87-58c2-41da-9d2d-4615bb66695c,Kamrun Nahar,https://play-lh.googleusercontent.com/a-/ALV-UjXWa6BIpObbtooCuydD2lbwbvQJ4DKZhtmuctNEcGt83_YmV9Y,the ads ruins everything.Too much ads😐 otherwise it's a nice app,3,0,,2026-06-30 11:51:53,"Hi! We welcome your feedback. If you're looking for an ad-free listening experience, complete control and greater flexibility, consider exploring our Premium options at spotify.com/premium. If you haven't experienced Premium yet, you might be eligible for our trial.",2026-06-30 11:55:38,,Spotify,com.spotify.music
a13a596c-cd8c-4a8b-bb13-1cf57690b6db,Fazil Yunusa,https://play-lh.googleusercontent.com/a-/ALV-UjXu-6JecyO6hpjo3a6WhAazf2r3fxPmP6FvJdqcjGqGQVttc3o,✅✅✅✅✅,5,0,,2026-06-30 11:50:40,,,,Spotify,com.spotify.music
79ae6736-0806-4801-9fbd-d5043760418c,Adhil Muhammed,https://play-lh.googleusercontent.com/a-/ALV-UjWW2n4DrlCo41gmhAs8HJP42wkMVmkfY84YW7vU0MewZfqBPofp,super 👌🏻👌🏻,5,0,,2026-06-30 11:50:03,,,,Spotify,com.spotify.music
83f5c3f6-35bb-48af-827e-318279a9942e,Hayley Hagan,https://play-lh.googleusercontent.com/a-/ALV-UjXrZo96nPaDDNNLAmxy995YVeXPrVObxBWJiHwufqB2wKrWE-tz,"UPDATE: FELL TO 1-STAR. LOOK, I GET YOU NEED ADVERTISERS, BUT *YOU* *ARE* *NOT* *A* *DOCTOR*. STOP PUSHING ADVERTISING ON ME TO BUY MEDICATIONS AND WEIGHT LOSS PILLS. ALSO STOP TRYING TO GET ME TO JOIN A RELIGION. I HAVE ALL YOUR COOKIES TURNED OFF FOR A REASON YOU IMBECILIC, MOUTH BREATHING BASEMENT DWELLERS!!!! I JUST WANT TO LISTEN TO MY MUSIC FFS!!!!!!",1,2,9.1.60.1970,2026-06-30 11:48:48,,,9.1.60.1970,Spotify,com.spotify.music
5eb4beae-ca7f-428c-a09a-f9d68ac75271,Lucky V Smith,https://play-lh.googleusercontent.com/a-/ALV-UjU0GIBKQF8VpiwQj1EixP-FHV1VKjJwLh3fh7hQVZPZx0g9VRDgxQ,very enjoyable,5,0,9.1.60.1970,2026-06-30 11:47:51,,,9.1.60.1970,Spotify,com.spotify.music
1887936f-7882-4dfa-bdbf-7966bd8da3bf,Relebohile Thakalehana,https://play-lh.googleusercontent.com/a/ACg8ocKMFX-OLzDc-Sjtn-tm8DI7YHrYSo-sokkINi66Ft3mhdDAag=mo,This app is very cool but too many ads Edit:it stopped working and now I have to install it again,2,0,,2026-06-30 11:47:26,"Hi. Thanks for your feedback. Have you tried a quick reinstall? If that doesn't help, we'd recommend reaching out to our Customer Service at support.spotify.com. Just search “Contact Us”, and they'll be happy to help.",2026-06-30 11:57:35,,Spotify,com.spotify.music
0167fd3e-a3af-473e-9891-efee144f0463,larry devera,https://play-lh.googleusercontent.com/a-/ALV-UjXE9KHVzFS4vX_EOD3OAHfqTQ41PMRGiMKEZXuLp3SXOmtDCT8,excellent,5,0,,2026-06-30 11:45:36,,,,Spotify,com.spotify.music
1785235b-278d-4188-8122-0d7c9c56d7d4,tomty lol,https://play-lh.googleusercontent.com/a-/ALV-UjUFjhTy-jy8f8ImMx9__JN_tQOVfTDD-vpvKcW2_ESfRRsEQ0o,incredible,5,0,9.1.60.1970,2026-06-30 11:45:07,,,9.1.60.1970,Spotify,com.spotify.music
55fd01ca-cde1-4c08-80a8-1d0663b23949,Amita Pandey,https://play-lh.googleusercontent.com/a/ACg8ocJvI9qrn1Rg5qtcPEWBVR4GwkDmSJDIHCVA2Pao6wfyqIrv-4Q=mo,"more emphasise on premium, else all good.",3,0,9.1.60.1970,2026-06-30 11:45:03,,,9.1.60.1970,Spotify,com.spotify.music
3f89b247-562a-41c2-a6a6-177a30162c3f,Nandini Thapa,https://play-lh.googleusercontent.com/a/ACg8ocJtbIrheA6gsF1J8HpPmA0Lu4QVs4hXmBFVU_5F1NeTDOLgdro=mo,best app to listen music all kind of music is available here❤️,5,0,9.0.28.630,2026-06-30 11:44:36,,,9.0.28.630,Spotify,com.spotify.music
43bee425-e68f-4050-a43c-0a9113157224,Yandile Ndlangisa,https://play-lh.googleusercontent.com/a/ACg8ocId6LbKb_Zx5TuTSFjbiEbmLllOcrrQHAAO9oJyxR9AozND9A=mo,just perfect,5,0,9.1.60.1970,2026-06-30 11:43:21,,,9.1.60.1970,Spotify,com.spotify.music
cdba188d-2397-4a32-b4a8-832ec9214b68,Diksha Gupta,https://play-lh.googleusercontent.com/a/ACg8ocIbupmpP3UHeFJJaw5ULzDP7fka41kz-3Bj9FYeOAzKgbcoAQ=mo,it's awesome music quality,5,0,9.1.60.1970,2026-06-30 11:43:18,,,9.1.60.1970,Spotify,com.spotify.music
7db9a4cd-d07e-495d-86da-5d89c78fcaaf,Kellie Walking Eagle,https://play-lh.googleusercontent.com/a-/ALV-UjXf3FosrkPufkJDy9K3i-qaliyt-SdJAIoazEW8W-q570MtNTF9,yurrrrr,5,1,9.1.60.1970,2026-06-30 11:41:23,,,9.1.60.1970,Spotify,com.spotify.music
39fc6d71-e764-4c08-9252-1e97f27af343,اسر محسن,https://play-lh.googleusercontent.com/a/ACg8ocK4bKbKTDnAUXaaL4ebf1LzPQOYpYXo1OK8h7zgMoEitu7rsg=mo,My favorite is Spotify,5,0,9.1.60.1970,2026-06-30 11:41:05,,,9.1.60.1970,Spotify,com.spotify.music
8f9732d4-502d-46de-81ef-1bf392508f7e,Anne-Marie Potts,https://play-lh.googleusercontent.com/a-/ALV-UjUzapwzyCNRATOOodlnoDqu5P-jQFPnzcTzwh4M-CIJzSs4QelO,first time using online music. I enjoy it very much.,5,1,9.1.60.1970,2026-06-30 11:40:50,,,9.1.60.1970,Spotify,com.spotify.music
30f1cca8-d0a1-415e-a3e1-20e77ae7b133,Isaac,https://play-lh.googleusercontent.com/a/ACg8ocI42YzfN4k52dvJQwFCXQeuXIgIVYkI4mttQBAKNYjk8fvxVg=mo,I am deleting this app and my account simply because there's not a way of closing the player.,1,0,9.1.60.1970,2026-06-30 11:40:20,,,9.1.60.1970,Spotify,com.spotify.music
9d925381-16fb-413a-b65b-bc9da7158406,Jose Lorenzo,https://play-lh.googleusercontent.com/a-/ALV-UjVkn8IXg1VOWFXUeQxrTfYkG2yB5IhgwxzWYrj2bdCR_VfHkOZmqw,exceptionally great,5,1,9.1.60.1970,2026-06-30 11:37:43,,,9.1.60.1970,Spotify,com.spotify.music
4ca15bfb-e1af-428d-b9fc-f0fa41871a49,Jacob Ottmer,https://play-lh.googleusercontent.com/a-/ALV-UjWEX4M9Rabn4JyRh4DyEG4xRFmDXMyIR0KGla8GOWdFYYikoUatxw,"why is the ""downloaded"" filter gone and why doesn't offline mode show me my albums like it did before addendum: why were all of my downloads moved to the cache? this is what caused the above issue.",1,3,9.1.60.1970,2026-06-30 11:36:25,,,9.1.60.1970,Spotify,com.spotify.music
828823c7-0949-4239-987e-cbeaef1c02e3,Adnan Khan,https://play-lh.googleusercontent.com/a/ACg8ocIa02-wHYQMMByoPX-HgXjomR2whyD9cb5j1R4kgCkOvCXeAw=mo,good,1,1,9.1.60.1970,2026-06-30 11:35:45,,,9.1.60.1970,Spotify,com.spotify.music
1fdcf836-7efb-4a3a-9bf2-2354146e388a,Eli,https://play-lh.googleusercontent.com/a/ACg8ocI7d6Q8R-XXFB31Eywr-k9KHkSKjGOONYpJuFHtDTQbCCCoHA=mo,"Absolutely Love Spotify! The user interface is great, everything is easily accessible. Making playlists is so easy. Their premium plans are also nice.",5,0,,2026-06-30 11:35:16,,,,Spotify,com.spotify.music
845ee789-a993-4373-a8b4-6112d8ed5256,Jalissa Norman,https://play-lh.googleusercontent.com/a/ACg8ocINuLjjBU3-4I149TYZZnsvuxkXWye-Pwk9JDdsOSbf6_6_PBg=mo,"I love this app, its just that after 2-3 days of not using it, it stays on a grey screen and wont do anything.",4,1,9.1.60.1970,2026-06-30 11:33:52,"Hello there! It seems that you're having technical issues with the app. Have you tried a quick reinstall? If the same issue persists, we'd recommend reaching out to our Customer Service at support.spotify.com. Just search “Contact Us”.",2026-06-30 12:37:40,9.1.60.1970,Spotify,com.spotify.music
525d3f8e-0826-49e3-9ab0-71eb49f4294a,Demon,https://play-lh.googleusercontent.com/a-/ALV-UjXxcGhhriov92RQizLhqoV7k3SPSp6P1pOIzo47Wd_xftpY5cE,trash,1,0,9.1.60.1970,2026-06-30 11:33:25,,,9.1.60.1970,Spotify,com.spotify.music
f2d84448-88f7-4171-a3e2-769cdabd10e8,Tiffany Mpete,https://play-lh.googleusercontent.com/a-/ALV-UjUHmu2C7G54Q3fxRlrbw60AngCasOzelm0oGkZZy6sRcO9bPF6Y,love it❤️❤️❤️,5,1,9.1.60.1970,2026-06-30 11:33:21,,,9.1.60.1970,Spotify,com.spotify.music
f372c770-851a-4cec-8733-f157cc0d0682,Shruchi,https://play-lh.googleusercontent.com/a/ACg8ocLKOC2Ry_-5TkJ1IGq7DESBZl6oYScvQ1oUYVVdDTKOJgnWlw=mo,Good,5,0,,2026-06-30 11:32:54,,,,Spotify,com.spotify.music
f99b8ba3-6029-4114-a122-8826de8de256,Rudra Soni,https://play-lh.googleusercontent.com/a/ACg8ocKHbXkAIzYpvZ3tkuHxIfEMTKwNr3hvv2fQXKXcc6fK2n3pVw=mo,😄😄😄,5,0,,2026-06-30 11:32:16,,,,Spotify,com.spotify.music
28babed5-d96a-49ff-a550-982e404c7b4d,Sinem *,https://play-lh.googleusercontent.com/a-/ALV-UjXQUKZvp2CBqRkad5hoYEwPxZVgLDLK6eU0fkIhIHdNkrRl-oE,shuffle gets worse and worse,3,0,9.1.60.1970,2026-06-30 11:29:50,,,9.1.60.1970,Spotify,com.spotify.music
eb979e68-5b4f-49fb-9eb6-ff33d73f7f59,reese Lorincz,https://play-lh.googleusercontent.com/a-/ALV-UjWKjugUAZKs7Ls8VbDa0CgDqLE7bCUh3_-eV9Od58K3yg6y4TuJ,best app to use for your music,5,0,9.1.60.1970,2026-06-30 11:29:29,,,9.1.60.1970,Spotify,com.spotify.music
d7698aea-6404-4f33-911d-dabc55e549f2,Steven Godwin,https://play-lh.googleusercontent.com/a-/ALV-UjXfrLrrwQ9kYlYVvH1ccSjhMAS2ZZys1NAvloE8kgxciQcP6RLKjg,"Poor - every time I pair my ear pods Spotify stops playing from Google Home and plays on my phone. Didn't ask it to, can't change the settings. Happens, every time.",1,0,9.0.86.1358,2026-06-30 11:29:14,,,9.0.86.1358,Spotify,com.spotify.music
1e557d8e-aef0-49ba-a99c-13af5ca2d268,simon makgoba,https://play-lh.googleusercontent.com/a/ACg8ocJVETjDYjqzYOwR0gwp-9Ps4os4b6eUx5eVEiMOQPRUVoPYFQ=mo,Good music,5,1,9.1.60.1970,2026-06-30 11:28:46,,,9.1.60.1970,Spotify,com.spotify.music
8a9ffcf4-579b-4c0e-9372-c12394365a9b,Cloudia Mulauzi,https://play-lh.googleusercontent.com/a/ACg8ocJd6H5SjuVrbxe5IOWReEXpJCZ6W7-BRL1sJnkVdB3x3QRDIg=mo,always amazing do yoi even need reviews? lol.,5,0,9.1.58.1567,2026-06-30 11:28:17,,,9.1.58.1567,Spotify,com.spotify.music
32b725ee-f57c-45d4-8ede-f8dc89b60f44,Mudasir Ali,https://play-lh.googleusercontent.com/a-/ALV-UjXyWfoU4iiP3QkoQKuBumeJM5j4qlc-xAg9yH2yPfRfISCZUQ,I like it,5,0,9.1.56.574,2026-06-30 11:25:03,,,9.1.56.574,Spotify,com.spotify.music
780daeff-02a2-499d-84f5-c8aeaa3a69ff,Nicole Drake,https://play-lh.googleusercontent.com/a/ACg8ocLGdEaDyX2r7u26iIxhdOZWjxjZKOvRzVLfMkQIh1McyG3OoZM=mo,I don't take my vehicle outta park until I have Spotify playlist is playing on loud. Love it!!!,5,0,9.1.52.1394,2026-06-30 11:24:30,,,9.1.52.1394,Spotify,com.spotify.music
3b90c581-64bb-4f2d-89c0-66b2c5c6ca43,jerry valentine,https://play-lh.googleusercontent.com/a/ACg8ocIc8Voq_4eXXCkRf8s9Q1to0NYdGEGnNcbOg9BDLzP1DQ2pmiih=mo,first class site,5,0,9.1.60.1970,2026-06-30 11:21:31,,,9.1.60.1970,Spotify,com.spotify.music
8de2a5b5-1431-47c7-8199-8d8ba8700d53,Lethabo Dlamini,https://play-lh.googleusercontent.com/a/ACg8ocIRcmiBT6IH8E_maqka6CFco-YfzpNMeKaCzc3rlCRn8rab0g=mo,c😄😄😄😁😆😅😅🤣😂👆🤙🤌😭😉😉😀😙😙🫥😙👻🩷🩷🩷🤝🩷🩷🩷🫨🩷🩷🩷🩷🩷🩷🩷🩷🩷🩷🩷🩷🩷🩷🩷🩷🩷🩷🩷🩷🩷😄😁😄🤌🤙🤙👻🤌🩷🩷🩷🩷🩷🩷🩷🤝🩷🩷🩷🩷🩷🩷🩷🩷😄😁🌝🌝👇👇👇👇👇🩷🤝🤝👻🩷🩷🩷🩷🩷🤝🤝🩷🩷🩷🩷🩷🩷🩷🩷🩷🩷🩷🩷🤯😰😰🤯🤯😕😕😕😕😕😕😰,5,0,9.1.60.1970,2026-06-30 11:20:50,,,9.1.60.1970,Spotify,com.spotify.music
09be36b0-a563-4ec8-93d6-99afbeed7261,Rekha Barman,https://play-lh.googleusercontent.com/a/ACg8ocJQDK-CgVLMGreWIO5mqawvee0-vTGtoTmJERICALrg6YJxgw=mo,vary good app,5,0,9.1.52.1394,2026-06-30 11:17:38,,,9.1.52.1394,Spotify,com.spotify.music
cad5a3bf-1edc-40f5-9464-ab3bb4089f30,alize,https://play-lh.googleusercontent.com/a/ACg8ocL_5U4KrwDUx6eBjVqORA3LyA8PEw6VEZcpPLBeSLxFh19EH-mS=mo,podiam trazer o áudio lossless pro brasil né,4,1,9.1.60.1970,2026-06-30 11:16:55,,,9.1.60.1970,Spotify,com.spotify.music
e3631a73-811e-488e-8d9e-336ac50fa076,Aman Sharma,https://play-lh.googleusercontent.com/a-/ALV-UjUqpILk5SbB6iPXoiDQsohxR-C-oPO1XedsW6xkF2NXgEGqT3By,this aap is very nice for song,5,0,,2026-06-30 11:13:52,,,,Spotify,com.spotify.music
ea7bf442-cb6f-42b2-8c5b-1d4d496f9031,Anand ballabh Joshi,https://play-lh.googleusercontent.com/a-/ALV-UjVooxwwwfnwklnTAtfBSvPRw8El5rWvfJCcly9FzJJ8baMgDDpuZA,best music app ever,5,1,9.1.60.1970,2026-06-30 11:12:04,,,9.1.60.1970,Spotify,com.spotify.music
fb41eb78-e6aa-4154-bb7d-59a0cf1d17c2,Tanmoy Mondal,https://play-lh.googleusercontent.com/a-/ALV-UjXW7UERF5xvco8XpekjD-F1Sq5vqtW2N42yD5xX55zFJQ3iSO00,disturbing ads,1,0,,2026-06-30 11:10:57,"Hey! We hear you and we'll pass your feedback along to the Ads team. For an ad-free experience, we'd recommend checking out our Premium plans at spotify.com/premium. If you've never had Premium before, you should be eligible for our trial.",2026-06-30 11:26:53,,Spotify,com.spotify.music
5bd482dd-9ac2-446d-80b1-12d6d4c85b1e,sawyer smith,https://play-lh.googleusercontent.com/a-/ALV-UjVIXIceP5_gIzpF5sS3eWkGM8AzNsfOhwww1p4ueOxZqWtHsEI,the best music app no contest,5,1,9.1.60.1970,2026-06-30 11:10:32,,,9.1.60.1970,Spotify,com.spotify.music
0ff44350-90af-44e7-9fc7-a1c5bbc6f9f7,Sidharth Yadav,https://play-lh.googleusercontent.com/a/ACg8ocLoWb2NTwi1TVYcJvyNvBX31BVKiPMzvK1dJeCNJesykkf68A=mo,I fill batter,5,1,9.1.60.1970,2026-06-30 11:08:45,,,9.1.60.1970,Spotify,com.spotify.music
2a1422c2-b5ee-45d4-a70d-05fa7c9234e3,Shazneen Shinas,https://play-lh.googleusercontent.com/a-/ALV-UjXVobiAoH_9J5w0_0J6NicxtQRB3KN9IiS8kboER5kSnQME6u0U,this music app is wonderful. It has so much songs like kpop to malayalam songs (bc I'm from kerela) even though it has ads it goes away fast I recommend this app 5 🤩 stars,5,0,9.1.58.1567,2026-06-30 11:08:30,,,9.1.58.1567,Spotify,com.spotify.music
57d6bbac-4cca-4ebe-8743-36ae0a91c7db,IxeBear,https://play-lh.googleusercontent.com/a-/ALV-UjVib3levy0y-49ftZOwH2X42oqwB4eQzoXlBgg8gSNprkc3iI-jOA,Best music app out there hands down.,5,1,9.1.60.1970,2026-06-30 11:08:02,,,9.1.60.1970,Spotify,com.spotify.music
47048345-d7c0-4784-bfe6-14de6dd7f94f,Trupti Gohil,https://play-lh.googleusercontent.com/a/ACg8ocJomgU0UL_-eFTmjzSXJytIm_5Jg7YdcDSQVIQvFsjuNgEiIg=mo,worst app ever 1 song 100 adds,1,0,,2026-06-30 11:06:57,,,,Spotify,com.spotify.music
7fb1ad7e-8b90-417b-8ace-1844a0fe6977,TOMERO KING,https://play-lh.googleusercontent.com/a-/ALV-UjWs_a3DO2YfgtQGOkBQuMmc7xI8ZUG7N9cF4jcU2aH2eyXOZR4,peakk,5,1,9.1.60.1970,2026-06-30 11:06:56,,,9.1.60.1970,Spotify,com.spotify.music
3cab45ae-7913-4270-8132-7010eff59dcd,Martha Valenzuela,https://play-lh.googleusercontent.com/a/ACg8ocKS2m3UfF9LCNqVanMJszB6BkYp1ukrry9UZ9-ZyVBevog91w=mo,great..,5,0,9.1.60.1970,2026-06-30 11:06:37,,,9.1.60.1970,Spotify,com.spotify.music
a329ec26-a6e1-40d8-acf1-6917862ca940,Don Rouze,https://play-lh.googleusercontent.com/a-/ALV-UjWuO1cznYvOyNDzPjAytMvbfCtdZ8khoMGeaPXgFvG0IvtnaYBT,I just dont get any better than Spotify!,5,1,9.1.60.1970,2026-06-30 11:03:02,,,9.1.60.1970,Spotify,com.spotify.music
301efdb5-4787-41ad-b3be-91df0bd4f02f,Sonali Mahangare,https://play-lh.googleusercontent.com/a/ACg8ocKL4y7JMHGCa7XvDcm15m589EXRCxFDFyMUao2y4jMxnHs4hg=mo,church hbd,4,0,9.1.60.1970,2026-06-30 11:02:08,,,9.1.60.1970,Spotify,com.spotify.music
ba0db1e4-81df-4b3b-8890-b0248c15d288,Noorjahan Patel,https://play-lh.googleusercontent.com/a/ACg8ocLNUyoqOFq8tvxJHZkJo0Qcmm3DOKXH9xiOqNpQFhRSyt_H3A=mo,amazing app 🎉🤌🏻,5,0,9.1.60.1970,2026-06-30 11:02:04,,,9.1.60.1970,Spotify,com.spotify.music
eb5aafe8-d42f-4006-8ca8-df658a1ce3a2,Tionge Simwaba,https://play-lh.googleusercontent.com/a-/ALV-UjXlFtwSFkOqZpSruaOn8UdFuofatY-0wMUms32LIQXbfANsxoaR,tuff,5,0,9.1.56.574,2026-06-30 11:00:24,,,9.1.56.574,Spotify,com.spotify.music
88827af4-88f0-4765-8ee9-9dccb4fe3568,Kyle,https://play-lh.googleusercontent.com/a/ACg8ocLfkIJT7dYEhaFh-DtLz26ahWG6hLiWGB1lk10Cu6sZzUXJJA=mo,THERE IS NO CUSTOMER HELP. If you try to talk to them its all bots no people. saying you're not interested in songs or shows does nothing. itll be right back when you switch back to the app. its insane how big Spotify is and they dont care about customers,1,1,9.1.60.1970,2026-06-30 10:58:45,"Hi! Thanks for letting us know about this. We’d like to investigate further. If you have time, could you reach out to our Customer Support team again with a screenshot of your review and our reply? You can reach them at support.spotify.com/contact-spotify-anonymous/.",2025-08-22 15:25:09,9.1.60.1970,Spotify,com.spotify.music
f79da1e3-8dd3-4c61-8b55-417f0a8bff9c,Neo Manala,https://play-lh.googleusercontent.com/a/ACg8ocISBfYuoPqAtFUc4HdRxNWZdSVB-UwSKFvY_uWW1WxyBUSxIw=mo,I like it because it has every song in the world,5,0,9.1.56.574,2026-06-30 10:54:44,,,9.1.56.574,Spotify,com.spotify.music
555ecb0c-4a38-452a-af72-fb98b8b27f14,Sheki Jojo,https://play-lh.googleusercontent.com/a-/ALV-UjW73vNxbmRLitbuW7eVsEkAnvBqtp4_bgHfKwrBzMEnDhyBvhI,how do iget premium? this one aint working,2,0,9.1.60.1970,2026-06-30 10:54:20,"We're open to feedback, and we'd love to get some more info about this. If you have the time, give our Customer Service a shout. You can find them by heading to http://support.spotify.com and searching ""Contact us"".",2024-09-05 06:17:06,9.1.60.1970,Spotify,com.spotify.music
7a42f89d-c4cf-4d93-b397-7373db4ba8d6,Randall Harris,https://play-lh.googleusercontent.com/a-/ALV-UjXksPPPsMOE8O_eLWiWT5QrG_9dCN8LSFbugBYmiuW9pPmIOeMu,just like the other music app,5,0,9.1.60.1970,2026-06-30 10:52:42,,,9.1.60.1970,Spotify,com.spotify.music
f8e66ce9-3e2a-488a-8551-dca1653b57a0,Prayag Parashar,https://play-lh.googleusercontent.com/a-/ALV-UjVt9d8enYo0eEsaiBUTwBVdrLuprztheYHwbMtwIq6tKqME48E3,"The worst app ever, just ads and ads all the time. We can't even listen to two songs in a row without three ads. Five ads at once? Are you guys crazy or what? I am just stopping myself from using a slang word.",1,0,9.1.60.1970,2026-06-30 10:51:32,"Hi. Thanks for reporting this to us. We'll pass this on to our ads team. Since you're hearing more ads than usual, have you tried a quick reinstall? If that doesn't help, you should give our Customer Service a shout by heading to support.spotify.com and searching ""Contact us"". They'll help you report this.",2026-06-30 10:57:02,9.1.60.1970,Spotify,com.spotify.music
4484540c-280f-48fb-9749-2eda11ed53e1,noreen tahir,https://play-lh.googleusercontent.com/a/ACg8ocI3vUQuOkZeKtfRha8jRdRNwohU04GQ8BXk7HytCvrdVCWD2w=mo,very good,5,0,9.1.60.1970,2026-06-30 10:51:29,,,9.1.60.1970,Spotify,com.spotify.music
aec65451-9d2f-489b-9343-065f2bff08c2,Afzal Jutt,https://play-lh.googleusercontent.com/a/ACg8ocJ1SCMXqzfUrGMtD5JaPGAHUIB3MCeaiL9YzDrEaFJnQ6FYtg=mo,nice music app,5,0,9.1.52.1394,2026-06-30 10:50:15,,,9.1.52.1394,Spotify,com.spotify.music
b39e2715-d620-47d2-9d6a-16b7fd3d0976,kanishka beri,https://play-lh.googleusercontent.com/a-/ALV-UjUs49TH9piI5LLjMMnvliJiGlHqz3ZDIQU8zk3J5rugZgPwJsqumQ,Spotify free < every other music app Salute to all free apps for not being as terrible as Spotify.,1,0,9.1.60.1970,2026-06-30 10:49:59,,,9.1.60.1970,Spotify,com.spotify.music
b58cf2b8-95ce-4fd3-ae98-651e3d7fc947,Arden DeMarco,https://play-lh.googleusercontent.com/a-/ALV-UjV91QhNCGOMIbUvzmhDD8c5BdbGsZlxMkzEo9nPc8esXwlHaoc,annoying popups repeatedly showing up,1,0,9.1.60.1970,2026-06-30 10:49:44,,,9.1.60.1970,Spotify,com.spotify.music
51481cb1-b34b-4943-b240-a256872fe960,Bittu singh Rajput,https://play-lh.googleusercontent.com/a-/ALV-UjUApIGg5UHn82Ycnd-Of1pyjRJd6eBy3cbDzM6SkUYf2D2ukiculQ,"pilli k liye ag 5 ,n 2vo2 ir4cl",3,0,9.1.44.2120,2026-06-30 10:49:13,,,9.1.44.2120,Spotify,com.spotify.music
bd412de9-7dbb-46b7-bcd0-b5d4ad2bbbfe,True Trudah,https://play-lh.googleusercontent.com/a/ACg8ocJ8cCHyhL617PM01sUA9KTyfG2vjuUCcvmKAili88B0GIjYUA=mo,clear music,4,0,9.1.50.1906,2026-06-30 10:46:15,,,9.1.50.1906,Spotify,com.spotify.music
d5aa74ec-e04f-46e8-b9d6-1ca7df2b1adf,Sonamoni Murmu,https://play-lh.googleusercontent.com/a/ACg8ocJ610Vbr6s5KveHhShvYgI3tZxHfZL_sAnJisfPPAE3K5FyzA=mo,the most aura app,5,0,9.1.60.1970,2026-06-30 10:42:00,,,9.1.60.1970,Spotify,com.spotify.music
8be5e5ad-8760-4746-ad16-a1238939db61,Andrew Reising,https://play-lh.googleusercontent.com/a-/ALV-UjXNUeAuA08rr5DecdIzxflUNIhzBBiUDuKf-qGWyerT8mLRw-2O,Love it.,5,1,,2026-06-30 10:41:47,,,,Spotify,com.spotify.music
4da41944-b5e6-49be-b130-ff0de99b646b,Ajmaul Momin,https://play-lh.googleusercontent.com/a-/ALV-UjXwk_rSGSDDef21yja30n0J1b98xvHWxaeSRQYyODrkWGeDQg8V,gaane se zyada to ad aate hein,1,0,9.1.60.1970,2026-06-30 10:40:44,,,9.1.60.1970,Spotify,com.spotify.music
c3c2faa6-2089-4d5b-aa3a-bdf09290788e,Md Zafar,https://play-lh.googleusercontent.com/a/ACg8ocIeg3VRrUx9EwA8qVs7QkgXIhx3QjbZ7D86xdkiZPKAhAZu_Q=mo,good good,5,0,9.1.60.1970,2026-06-30 10:37:43,,,9.1.60.1970,Spotify,com.spotify.music
e9c1527d-acee-4929-9884-2f27c1e69b99,Ademola Adebayo kazeem,https://play-lh.googleusercontent.com/a-/ALV-UjViwRjpyKS-iJat5bchH3aURfNe7RKg7qvkLjSzW63lfGfTBTkL,Great music 🎶 app,5,0,9.1.52.1394,2026-06-30 10:36:42,,,9.1.52.1394,Spotify,com.spotify.music
81243b83-3a05-4c1e-ac2b-fa22b8f47c36,Karthick Malar,https://play-lh.googleusercontent.com/a-/ALV-UjWKZtW-sfz-eN1RQ5KvltjzgEDyAQG9jv5QZxuAGHteNMwkO4xo,The bad app i ever see why mean premium amount 🥲🥲 waste i heard in youtube bad app Spotify,1,0,9.1.52.1394,2026-06-30 10:35:28,,,9.1.52.1394,Spotify,com.spotify.music
1bf45c86-8489-4ba2-923e-38634425008d,Varun Gowda. G. N,https://play-lh.googleusercontent.com/a/ACg8ocJaVOtpt4dKAyzfqb-VtojENizSMD2DJxWlzTg_dKhu9a0FC3g=mo,worst experience in this app don't download this worst app without premium very long ads can't select the song such a worst app,1,0,9.1.44.2120,2026-06-30 10:35:27,,,9.1.44.2120,Spotify,com.spotify.music
72258956-e927-4879-b912-1c8d33ff8290,abhinav kumar sharma and akshita sharma,https://play-lh.googleusercontent.com/a-/ALV-UjUiPPGx6qbI5m7CD-n4-c-cZPHAuuj9U3RcvP5IwXiJKAliHQnW,my favorite next in que came within sec without typing after 1 or 2 songs 🎵 and don't want to do anymore struggle for tying,5,1,9.1.60.1970,2026-06-30 10:34:01,,,9.1.60.1970,Spotify,com.spotify.music
e215d626-f180-4d9b-b1e2-fae0298b9f0f,Yogesh Sarangdhar,https://play-lh.googleusercontent.com/a-/ALV-UjVDL7ZhaIrh-fQwJmyJR3VuijDOp1SDnODC-2641TDTP0fX3yaD,bad app not play song,1,0,9.1.60.1970,2026-06-30 10:31:37,,,9.1.60.1970,Spotify,com.spotify.music
755e81c5-f7ef-42b0-960c-723f840a5f57,zachariah baird,https://play-lh.googleusercontent.com/a-/ALV-UjUHHjFdFW0g_nKthlXBv1Hlq5in1dWaEjlaGm2Vl3fk5Q2E5O5W,up to five ads in a row is crazy,4,0,9.1.60.1970,2026-06-30 10:29:32,,,9.1.60.1970,Spotify,com.spotify.music
463b3785-bc55-4c1c-8099-6e3cd99f1470,Jacob Gallegos,https://play-lh.googleusercontent.com/a-/ALV-UjWSZbTWRfTrDK2VjwSHDp9PhUOp0_KQwzkjIYSd17fRSfKG0bdJ,I love Spotify! I use this app for about 14 hours a day.,5,1,9.1.60.1970,2026-06-30 10:29:30,,,9.1.60.1970,Spotify,com.spotify.music
f91eb7cd-b1ba-407c-b728-6107c940bc3b,Regina Rincon,https://play-lh.googleusercontent.com/a-/ALV-UjWHHp9f66LAhfyRt_PXQ6Qrl2NX90DaCIvKxJYzLvt3V9L-lRs-,"It was good before the update about fixing bugs. Duolingo didn't fix it, it just gave me them. I can't even skip a music unit until one of the questions just linger and I don't move on. Even the music notes, they moved to the left slightly, and the double notes look like they're squished together. Duolingo, fix this.",2,0,6.86.4,2026-06-30 16:18:55,,,6.86.4,Duolingo,com.duolingo
c96c2410-9b38-47cc-96f5-ff381d647380,Chidera Obika,https://play-lh.googleusercontent.com/a/ACg8ocKYB77CnWQ_ahEZCHxGNRI6iiPeTahuNI--Xgl84OWF-wMTHQ=mo,I am learning alot but bring hard ones like numbers,4,0,5.121.15,2026-06-30 16:18:42,,,5.121.15,Duolingo,com.duolingo
5693c25f-bb1b-4a42-a3bc-5d92c1993794,Howard Ginto,https://play-lh.googleusercontent.com/a-/ALV-UjUnjIXlxg9nD4S5Iyq5VDNeX33Pm37YAmLWlOnydGhXPvBToP0,not bad,5,0,6.85.7,2026-06-30 16:17:39,,,6.85.7,Duolingo,com.duolingo
10aa5757-f578-409e-8983-a8d3a2fb4c2a,Erin Kollar,https://play-lh.googleusercontent.com/a-/ALV-UjV0ONN3qHjTPy0yoHygIrGmiRbkAjLYBuqRmCKdLgp8HF9vLaoH,have a hard time hearing what they are saying,4,0,6.85.7,2026-06-30 16:14:50,,,6.85.7,Duolingo,com.duolingo
2f4e853b-fd58-4042-8d12-3ee37c9f8b7a,efrain martinez,https://play-lh.googleusercontent.com/a/ACg8ocLfUJdmOuV8rVpvLrBbkkmOQ91LsMlw9Jb9kxx_tx_8njvDWg=mo,I do it everyday,5,0,6.85.7,2026-06-30 16:09:16,,,6.85.7,Duolingo,com.duolingo
6512a850-8281-464f-90d3-d464c92bba35,Elmarie Schourie,https://play-lh.googleusercontent.com/a-/ALV-UjXONRDEYwEYLSOuXdCvED8fg54s5uiqz5mim7GNWhoxevqVh9cdDw,My favourite app. Makes lwarning languages fun.,5,0,6.85.7,2026-06-30 16:09:11,,,6.85.7,Duolingo,com.duolingo
dc9e0a4e-895f-469f-9a29-8c8fbe9eb453,Rachid Torch,https://play-lh.googleusercontent.com/a/ACg8ocI9yJI3CWNPx731hgcOjtQgBtF63BQHnb4q4kSs1dqlAzIlVg=mo,جيد جدااااااا😍😍😍🥰🥰🥰🥰🥰🥰,5,0,6.85.7,2026-06-30 16:07:07,,,6.85.7,Duolingo,com.duolingo
7c121abc-69ec-4f46-bc60-a8cbbf982fef,Philip Rykse,https://play-lh.googleusercontent.com/a/ACg8ocJcCMKy4wRso4zgty0aGX0bJx6dBfyn9vXjWLQfGWTgPJmaEA=mo,4 stars because it has such a big virety of languages to learn.,4,0,6.85.7,2026-06-30 16:06:49,,,6.85.7,Duolingo,com.duolingo
7e5ad8be-143b-4e17-9760-cf79f2e42130,Rayne Bryant,https://play-lh.googleusercontent.com/a/ACg8ocKafehxcxILHrI9_Qyw58VLkeMaUUSSpgifEB72WFFyc-BQYA=mo,I love it it made me better so so so so much better,5,0,6.85.7,2026-06-30 16:00:40,,,6.85.7,Duolingo,com.duolingo
e989f376-27bc-460f-ba85-a78afc2edbea,Barrie Alhaji Umar,https://play-lh.googleusercontent.com/a-/ALV-UjWXMK6_8yE7PJM0lB0UEdXRn4g8sL11hD7HE_IEzLof06D0zA8,learning,5,0,6.83.4,2026-06-30 15:59:11,,,6.83.4,Duolingo,com.duolingo
28c0b3b5-d433-4763-a24a-11b4a55d74e6,Jan M,https://play-lh.googleusercontent.com/a-/ALV-UjXdCB1C6fvCoFo-BviZTU4Nh9pqVP-Wi1vy_vcniA_htu-MqDo,fun learning but the ads are straith up junk and everytime i want to skip a video call it wont let me,2,1,6.86.4,2026-06-30 15:58:46,,,6.86.4,Duolingo,com.duolingo
46248f2c-ea57-4baa-a28e-51831a11b148,Brigitta Kasih Tobing,https://play-lh.googleusercontent.com/a-/ALV-UjVz3O9aRoAZwzFVO_cLRCei7ExFo01SowBFfyPZ6bL5YYP7KRU,"duo's visualization is amazing, help learning in every way, and will always make it fun",5,0,6.85.7,2026-06-30 15:56:48,,,6.85.7,Duolingo,com.duolingo
6e7e91a4-d105-4a66-bd13-7b6cf792e92f,Ser Am,https://play-lh.googleusercontent.com/a/ACg8ocJmD1cjZj4KYyXFvE3ME6CjRE9hq0rkcKjQEz60Q4qeGiMHGg=mo,I learn chess ♞▀▄▀▄♝▀▄,5,0,6.84.4,2026-06-30 15:56:10,,,6.84.4,Duolingo,com.duolingo
45e04722-2860-4a2f-ba60-e82adc08543f,James,https://play-lh.googleusercontent.com/a-/ALV-UjWusfv9s5vtC9ZztQiHB1ZTK5LrPokSFsYXtpEGogrIqTF048xMxg,Super sexy good,5,0,6.85.7,2026-06-30 15:53:40,,,6.85.7,Duolingo,com.duolingo
7660b779-4c75-4873-a063-fa43a24c06fe,Xristos Tsanopoulos,https://play-lh.googleusercontent.com/a/ACg8ocLim47-nf26BnO5U5oJp5wbQp9FlJqxl3LxYeG6Bwg99FRQEg=mo,so good learning,5,0,6.85.7,2026-06-30 15:49:57,,,6.85.7,Duolingo,com.duolingo
d7c84a07-8a1a-4332-b441-61697578cd81,Khent Anthony,https://play-lh.googleusercontent.com/a/ACg8ocJ5nSUKu61oru5nHxtPbGOO-mRha-XXx48yBJaQdMKGfP-7tQ=mo,its cool,5,0,6.85.7,2026-06-30 15:44:19,,,6.85.7,Duolingo,com.duolingo
d8871724-9591-4334-a0e2-fd1bb7a0fa18,Nkiru Okoye,https://play-lh.googleusercontent.com/a/ACg8ocKJIyBuFfuIKBYwnAV7CueP5JAh77l1R50XwbLE93S-kkq3Tw=mo,I think it's great for beginners and those who prefer learning in a fun and exciting way besides u can't learn well if u don't have fun doing it so 5 stars is the best I can give 🤩💫🌟🌠⭐,5,0,6.85.7,2026-06-30 15:40:48,,,6.85.7,Duolingo,com.duolingo
ed4cbfac-dc4c-4d82-9bcd-a6b9f3a5eda2,Oyetunji Caleb,https://play-lh.googleusercontent.com/a/ACg8ocLJncVZQHwp_FlDQUAXn-nKlmYaTTAOefCGqdPDNOBw1-EPUg=mo,"Great, I am getting pretty good in Spanish",5,0,6.85.7,2026-06-30 15:40:17,,,6.85.7,Duolingo,com.duolingo
4c983e6d-72f2-4204-bcbf-6deb82371ab6,Cricket Lover,https://play-lh.googleusercontent.com/a/ACg8ocLZOjiugbqA24CcV7yMEpOewuzUS0K_fRdGS5iocLF3h_uXkw=mo,good app help me talk el spanish,5,0,6.86.4,2026-06-30 15:39:55,,,6.86.4,Duolingo,com.duolingo
683aa908-2b4b-4e4c-bcc9-0bccc53a9c3a,Rahaf,https://play-lh.googleusercontent.com/a/ACg8ocJ1LsMSVDEO0uBLBu0FsNMngiBTK_v98GlURGxYaD9f4-CxFg=mo,البرنامججج رائع ويساعدني اتعلم الفرنسيه من ال0,5,0,6.85.7,2026-06-30 15:39:18,,,6.85.7,Duolingo,com.duolingo
2a73634e-018d-46c7-bee3-1be042a7c169,Auwal Musa,https://play-lh.googleusercontent.com/a/ACg8ocLp1ad8hMEPby57nBJqlEt_LfOmQkdap6vM8nrOcsW6a8rnTA=mo,so great😍 am getting addicted🤭,5,0,6.85.7,2026-06-30 15:38:10,,,6.85.7,Duolingo,com.duolingo
b0408f5b-df62-49f4-98a6-8a332d30e30c,Michael Okwuchi,https://play-lh.googleusercontent.com/a-/ALV-UjXorgD3o9swvE-N9HR0GsXw7S5GpdkStO2V4UTNU9TR0x9tAEs,very okay and accurate but the super is still a tiny bit expensive,5,0,6.73.3,2026-06-30 15:35:51,,,6.73.3,Duolingo,com.duolingo
c981b288-37a2-47e2-902d-9e667d3c19e0,Yasmina Yasser,https://play-lh.googleusercontent.com/a/ACg8ocKcJ0iGoW-nTNfq67hsIirhTGdYOtfRigcNc3NDUfcyN_jxLw=mo,I learned a lot of things and it's great 👍🏻,5,0,6.85.7,2026-06-30 15:35:35,,,6.85.7,Duolingo,com.duolingo
a5481736-868f-431e-8044-2797e88aa66e,Kk dollar,https://play-lh.googleusercontent.com/a/ACg8ocIQ9MX7wUPrgRBy83HFnkiMNjdbJie9EPvXRinEK5ldMvbW1A=mo,It's an amazing app. It helps you learn gradually and it's strategically engaging and amazing! I recommend 🕊️,5,0,6.85.7,2026-06-30 15:35:22,,,6.85.7,Duolingo,com.duolingo
b8542673-7e69-449e-94a3-94102461beef,Saru Shakya,https://play-lh.googleusercontent.com/a-/ALV-UjVpOOFaJVdNcV91jOR_uXJr7URJf8FUb1vRfvVm1vmJir03GMyD2w,i am loving it.,5,0,6.85.7,2026-06-30 15:34:28,,,6.85.7,Duolingo,com.duolingo
feb3614a-ddcb-4f62-8f8e-200faf9bdb32,Ilovetheoceans,https://play-lh.googleusercontent.com/a/ACg8ocJi-sCBhmdoYN3LUvhedMkwWLMUMG7PAFY1n1RzYgJNGtej8g=mo,This app teaches you the language you want to learn and there isn't much ads. I give this app a five stars.,5,0,,2026-06-30 15:32:50,,,,Duolingo,com.duolingo
a542bd4f-f144-4e66-a9f6-6b8d24b1ee7c,Logan's saidia-k,https://play-lh.googleusercontent.com/a/ACg8ocKznuNJDktfJ8Pc668LIXvYj57UFf8NHyTZCXbJcCIWgP3i7g=mo,it helps me learn other language,5,0,6.85.7,2026-06-30 15:31:19,,,6.85.7,Duolingo,com.duolingo
c4cb548d-acab-4aaa-9706-3c1cb5228e8d,Temitayo Adedipe,https://play-lh.googleusercontent.com/a/ACg8ocL5KHSZvTeLg1ikZaNR7LSStKjTbmfKx14fVQS8dXH_XXOrmw=mo,"Please can you guys change the app icon, it's really creepy",4,0,,2026-06-30 15:31:01,,,,Duolingo,com.duolingo
1f1567c4-7ef7-4c2f-a5a1-7642f2f4378b,Robert Minoofar,https://play-lh.googleusercontent.com/a-/ALV-UjW5PgezjdYqYgTorI-I71WGa2yCE4-Lq__nSLaUlJwWJRNE2K4d,"Too many repetitive ads. Too many repetitive self ads too. The language learning process could be much better by having more user interaction. But again, for a free app it's pretty good.",4,0,6.86.4,2026-06-30 15:29:46,,,6.86.4,Duolingo,com.duolingo
693472d9-0413-4074-8b20-06ec282f125a,Jackson Cox,https://play-lh.googleusercontent.com/a-/ALV-UjUSJ7t690SxFndB0q6YhkVq5mbdHV2ZtAiM9slOBgwE74fM5BI,It helps me understand russian easier.,4,0,6.85.7,2026-06-30 15:28:19,,,6.85.7,Duolingo,com.duolingo
75a0bb02-9370-4234-b277-d794acce5f39,Katie Barlow,https://play-lh.googleusercontent.com/a-/ALV-UjUK7M5RZAQuokE9F7c9zoletD05xohyoeKQJYIqZmmxTTqfBDW7,I want to learn Spanish. I have been using this app off and on for a while. Please stop with all the streak stuff and the treasure chest all of that nonsense please get rid of it. I just want to learn Spanish.,3,0,6.84.4,2026-06-30 15:26:38,,,6.84.4,Duolingo,com.duolingo
384c6e7d-f967-4108-a911-8db8e83aad5a,Dragan Cajic,https://play-lh.googleusercontent.com/a/ACg8ocIYLJvboMM_AZ9OwA22oRTz-VqwrbxgfAzDbD0-KO2sEoPCag=mo,i love learning,5,0,6.86.4,2026-06-30 15:23:04,,,6.86.4,Duolingo,com.duolingo
afa55927-1ecc-4b39-be46-a8c9d4c235d6,Haji Khan,https://play-lh.googleusercontent.com/a/ACg8ocIelCpJkJt-rEG_nsDMiWs28cBUgPxFvxsg9jRX-1d-v0hCyA=mo,it's amazing i love it,5,0,6.85.7,2026-06-30 15:16:10,,,6.85.7,Duolingo,com.duolingo
381890db-1821-4eea-afdb-24673c8e9c05,mo tta,https://play-lh.googleusercontent.com/a-/ALV-UjWvBPBxQdKrW7tU4eDB2U-YHlnwoMAvVrFYwKgHYkAl-sAHflJW,👍🏻 good,5,0,6.85.7,2026-06-30 15:13:01,,,6.85.7,Duolingo,com.duolingo
5c358a53-3b32-4882-b20c-ef859f0dc8bd,Ikoyo Peace,https://play-lh.googleusercontent.com/a-/ALV-UjX7fU-0wbOkhOqlyftKmohKhPbizd-uPpycw02jJHqwfzkp9aQF,"the app is adding value indeed, it's really fun to learn with Duolingo and very easy to understand the app.",5,0,5.141.12,2026-06-30 15:12:35,,,5.141.12,Duolingo,com.duolingo
92257ea8-be9c-43f5-bf18-8f78f58e303d,Malak Amirat,https://play-lh.googleusercontent.com/a-/ALV-UjXbZAnz3BMJy96dWMdxg51HnCNYqYtPdR-47YY390Yerz64_SDG,love it 💗💐,4,0,6.85.7,2026-06-30 15:12:11,,,6.85.7,Duolingo,com.duolingo
656fe035-cfb2-4a3f-a12e-9e0e2203a4c1,MARVELLOUS IZEVBUWA,https://play-lh.googleusercontent.com/a/ACg8ocKUOpictsuGTzoh6Zq2JAJp3oPVXy-Hz3GMFIHW_a9Xk1_fMg=mo,educational,5,0,6.84.4,2026-06-30 15:11:39,,,6.84.4,Duolingo,com.duolingo
29409435-92dc-4f49-9305-99e7f2a05f84,Rowena Taylor,https://play-lh.googleusercontent.com/a/ACg8ocKDrzsKRLmDiANvsSjzncMPoIj9UWQUpv-DOhtg7j9jgzaY7w=mo,It is so much fun!,5,0,6.85.7,2026-06-30 15:11:23,,,6.85.7,Duolingo,com.duolingo
18b72675-74e7-4958-b43a-84f7ea6b870d,Ivy Owusuwaa,https://play-lh.googleusercontent.com/a/ACg8ocIra2B8usLCq3NQCnG_MJLJV3oMePqAy-OyZv0PKOM23hMXMQ=mo,"I love this app so much...interesting and interactive. I gave 4 stars because it doesn't start with the alphabets and simple words. You'll have to have a little knowledge in the French language for you to enjoy every lesson...else you'll be lost. Aside this, it's a great app to learn❤❤❤❤❣",4,0,6.84.4,2026-06-30 15:09:44,,,6.84.4,Duolingo,com.duolingo
3ca40db6-34bb-48c7-91a1-4d1c258f7c01,AYE_ DOMINO,https://play-lh.googleusercontent.com/a-/ALV-UjXoKKmomhjmm53M0kq0j9DCmq0QCZLzFxsnSTX3mvXa14pVnOU,"best app ever , so fun and useful",5,0,6.85.7,2026-06-30 15:08:42,,,6.85.7,Duolingo,com.duolingo
b4360ad0-dc36-4149-9949-9fc8c780b151,Priyanka Ahuja,https://play-lh.googleusercontent.com/a/ACg8ocLOt7j6kMqKxNLsbo71DuXdkL1Br8kcgQNOkyp0pbNT7p3Img=mo,Very good,5,0,,2026-06-30 15:08:33,,,,Duolingo,com.duolingo
9fe45037-2dfc-418c-a5e7-082042c70e67,Fr Fh,https://play-lh.googleusercontent.com/a-/ALV-UjVSMv8ROOXj7QYC_J8FZWVfjaUPEr5m_8f9KhqqbBrZGB9TlIaW,like the app,5,0,6.85.7,2026-06-30 15:08:11,,,6.85.7,Duolingo,com.duolingo
df12a6e5-1d71-4236-8715-869eda30b384,Brayden Procter,https://play-lh.googleusercontent.com/a-/ALV-UjXq7_5uVdrdLIuAMUF1qAgi1M7JdoyuAyBacoXd9G2sRIfKFWH0,so good Im learning Japanese and I know lots of more words in my vocabulary now,5,0,6.85.7,2026-06-30 15:06:16,,,6.85.7,Duolingo,com.duolingo
351ce209-fdca-48b7-8eed-61dbb78d318b,Nader Jangjoo,https://play-lh.googleusercontent.com/a/ACg8ocKwiJysRR973QBlBSybnV0K3Q1HTnzGUQTwHWK9Qh7HckA9SA=mo,nice,5,0,6.85.7,2026-06-30 15:02:55,,,6.85.7,Duolingo,com.duolingo
fcd0f0bf-73ec-403a-aeaf-732de83b85b9,Olman Dávila,https://play-lh.googleusercontent.com/a-/ALV-UjUL6uuki-3Ujk4JujJNLhnB2I2pwgkzrc580LrQHKLZpmqUQiGa,I'm having a great experience with this app.,5,0,6.85.7,2026-06-30 15:01:09,,,6.85.7,Duolingo,com.duolingo
5ebde588-444c-44a3-bc96-e297081f5779,A D,https://play-lh.googleusercontent.com/a/ACg8ocKuVGusT__K7IQPzCs5diSVYYGJ6lU3roxL5ZP2NYI4P882PQ=mo,more rewards but where are the endings? anyone else thinks the endings with the charecters is was really good? love it anyway,4,0,6.85.7,2026-06-30 15:00:58,,,6.85.7,Duolingo,com.duolingo
1fb009b5-e729-42a4-99a1-3dd405a1fc0c,Vighnesh Pai,https://play-lh.googleusercontent.com/a-/ALV-UjW3ALz2lrm0LG-u3_5p7g1GrnP3VVPdjxXQuUjKkLEydfYgpTcU,Landscape mode on Tablets has suddenly stopped working on this app. So I had to uninstall it!,2,0,6.85.7,2026-06-30 14:59:23,,,6.85.7,Duolingo,com.duolingo
b4eea236-70aa-467e-bdd4-dd4728d85598,Saviour Nkwa,https://play-lh.googleusercontent.com/a-/ALV-UjUGaVpDzSVwIxWWpDeJ11FRlmXvFh1RLrEJA_jeVnBoZ5t7DMZK,The best app for learning an international language,5,0,6.83.4,2026-06-30 14:59:13,,,6.83.4,Duolingo,com.duolingo
9545241b-f7f3-4ef9-a159-cf3524dacddc,Susan Touch,https://play-lh.googleusercontent.com/a-/ALV-UjUurVno4OFqc0mEnkiK3gTW6ZUcXTuVIOPXGJRev3oJHEJl20e0,I first installed Duolingo years ago and it was fun and enjoyable to learn but now I am now considering unsubscribing to this app. I am not a fan with those annoying achievement features where you have tap on the chest box to get a rewards.,3,0,6.84.4,2026-06-30 14:56:13,,,6.84.4,Duolingo,com.duolingo
152615d2-1710-4519-b114-5fee2722a57d,Aliyu Usman,https://play-lh.googleusercontent.com/a-/ALV-UjXIDD-1pzDun7mve4WnukiEDcxqzir_FQ7ySCqLy7oTmiR4bvQ,wow this is a good app for learning and practicing English,5,0,6.85.7,2026-06-30 14:54:59,,,6.85.7,Duolingo,com.duolingo
d2e1c065-e14f-4bf0-ad57-6fc1b3b44eef,Elizabeth Datek,https://play-lh.googleusercontent.com/a/ACg8ocIejmvyp4HHbZfLSbDiiYqdC2to-QYbzwVpAHTl36eYh5ObUw=mo,Its great and Educative,4,0,6.85.7,2026-06-30 14:52:14,,,6.85.7,Duolingo,com.duolingo
5fefdbfd-fc79-4aaa-a5ae-3ead516cf270,Zoe Kremens,https://play-lh.googleusercontent.com/a-/ALV-UjWhDTiAUwmTOGowdO26CcqvnHSmd3mIVg6XL1SBRkafFdPxQQKD,"They updated the ""lesson order"" and kept me in technically the same spot, except now there are past units I've never done before and I dont have some of the vocabulary to be where I'm currently at. The most BS update I've ever seen.",1,1,6.86.4,2026-06-30 14:51:36,,,6.86.4,Duolingo,com.duolingo
3808437b-4d1e-4a8e-92ec-9d3896e92724,Redd Mitchell,https://play-lh.googleusercontent.com/a/ACg8ocKeoC1HZ43SIL0-l1spLO_327Z2Ob44v5nQ27MPKJeX26PU4g=mo,I love this app it is so cool and there is nooo ads,5,0,6.85.7,2026-06-30 14:51:25,,,6.85.7,Duolingo,com.duolingo
258d2bdb-0bf7-475f-8d84-309918e2c87a,Peniel Temesghen,https://play-lh.googleusercontent.com/a-/ALV-UjXgnDMIrZjMQqn_WNZnVRSCCt1wXKppNqwtmHSOHx0g2nOwpaM,gives very effective lessons and reminds you to keep up your streak in interesting ways,5,0,6.85.7,2026-06-30 14:49:14,,,6.85.7,Duolingo,com.duolingo
875a46ff-9181-4358-953a-99c884d6694f,Christiana Fobi Badu,https://play-lh.googleusercontent.com/a-/ALV-UjXgi_6Kg70bOBHs6Kw3vI1KnbbyJDzh-QRO5QVnC6GEX-dhlE7v,it is a good place for learning other languages 😊,5,0,6.85.7,2026-06-30 14:47:59,,,6.85.7,Duolingo,com.duolingo
2cb820d9-bc0c-40ec-9bfd-b42c12275517,Leigh-Asha Harrison,https://play-lh.googleusercontent.com/a/ACg8ocLGE1Wd7UVwTYTv1C5G_hhTcXyjCAwyjnsK_hY1HOjcy7fCOw=mo,it is so fun and interesting also it gives you an example if you got something wrong I recommend this to people that wants to learn languages keep it up doulingo,5,0,6.86.4,2026-06-30 14:41:44,,,6.86.4,Duolingo,com.duolingo
b38e4099-eec0-4ad5-9002-ef200274152a,A Google user,https://play-lh.googleusercontent.com/EGemoI2NTXmTsBVtJqk8jxF9rh8ApRWfsIMQSt2uE4OcpQqbFu7f7NbTK05lx80nuSijCz7sc3a277R67g,amazing,5,0,6.83.4,2026-06-30 14:39:36,,,6.83.4,Duolingo,com.duolingo
739a27c4-1ce4-4079-bc63-fee76c8ddbdd,Jaxson Stunkel,https://play-lh.googleusercontent.com/a/ACg8ocIXm0xkqpysVT0Zm6Ke35_r1az1mqRQ-Q7EifzmoMRSt1l2=mo,I'll be the best at chess one day it teaches all kind of languages and chest and more I haven't checked I started yesterday,5,0,6.85.7,2026-06-30 14:39:16,,,6.85.7,Duolingo,com.duolingo
b8a3f676-a94d-4961-b1c7-d629d1e93058,Eryk Miśkiewicz,https://play-lh.googleusercontent.com/a-/ALV-UjWY98M_mIXgJMvdO8Oxzke1B5Wkhl7HnBdPznG42AQqhjYVXiDi,"you should really chill out with the endless super epic chests and all that spam appearing after each lesson taken. I absolutely understand the importance of adds appearing, but this is totally beyond me",1,1,6.83.4,2026-06-30 14:38:55,,,6.83.4,Duolingo,com.duolingo
863506b5-89ff-41bf-972b-46c09b8134df,Kylie Bowers,https://play-lh.googleusercontent.com/a/ACg8ocLNMEm2sXNWKkvXovjb0rDtzt_iul8QvZWH_fpgs-V96LLaog=mo,there's no glitches no bugs it's really great experience and I highly recommend it because you can learn different languages you can learn different things and I think it's very very good app for like kids that don't really know that kind of stuff,3,0,6.85.7,2026-06-30 14:37:16,,,6.85.7,Duolingo,com.duolingo
49ed1db2-e416-4181-9c65-2dbc9440fff6,Carol Cameron,https://play-lh.googleusercontent.com/a/ACg8ocIlHpgFoOOD-ubDAuebMK_RasZRwE2cdUvoMr9WMS4pf8-ZYII=mo,the update is fine but I feel like the app is just getting more and more boring. Every day I get the same assignments.,3,9,6.86.4,2026-06-30 14:36:59,,,6.86.4,Duolingo,com.duolingo
2a3f491a-74a4-456d-b0ad-5ac97e4805c9,Mohamad Husyen,https://play-lh.googleusercontent.com/a-/ALV-UjUOp7e3qJBNBq-MLLvN_MPNkerql9WDfpzm2-8xt2ME7xjYrV-f,berg good app,5,0,6.85.7,2026-06-30 14:36:41,,,6.85.7,Duolingo,com.duolingo
914cb00d-b9de-44c0-b12d-675b9afda768,Mustafa Raheel,https://play-lh.googleusercontent.com/a/ACg8ocIelJ2RjaAKQMTgILxCo_vQkC2lceDyf5bbm0Yk-yTgWSf59Q=mo,good app,5,0,6.85.7,2026-06-30 14:34:06,,,6.85.7,Duolingo,com.duolingo
e9f9d27e-506d-4398-a0ec-2421d8239964,Samuel Otazu,https://play-lh.googleusercontent.com/a/ACg8ocI2ft5hGBeMbxfOKRqErh5O3F03Z-fN93NTn8ST86dhOqqMWQ=mo,muy bueno,5,0,6.85.7,2026-06-30 14:34:05,,,6.85.7,Duolingo,com.duolingo
96d82f36-0cc2-4b98-aed5-e0e25a0e0b84,Arianna Schow,https://play-lh.googleusercontent.com/a-/ALV-UjWvW3hN5nv_OERkrC_v_-oaiJEePyxQhviuQ3xRG6Ib5K1Nrf0,Really great language learning app!!,5,0,6.85.7,2026-06-30 14:33:29,,,6.85.7,Duolingo,com.duolingo
c5797b16-7c55-459a-83cf-70888f166063,Godfred Asamoah,https://play-lh.googleusercontent.com/a-/ALV-UjUq0cSrrT3z2inIW8bWbnM7BcCJHCAEzZ-Bhgh8KklTPa1q0_o,Is too good to say something,5,0,6.83.4,2026-06-30 14:32:37,,,6.83.4,Duolingo,com.duolingo
6a458114-6685-4fe7-96df-f4b13285f320,Arad Askary,https://play-lh.googleusercontent.com/a/ACg8ocIHg723wLCvz0wqcgAi1795uPeFmbNOWytgD-VLoYx-6lT5_g=mo,This is very good 👍,5,0,6.85.7,2026-06-30 14:32:19,,,6.85.7,Duolingo,com.duolingo
7a4f7c78-dd2f-4079-90cf-8f201669b05c,Zhino Maazi,https://play-lh.googleusercontent.com/a/ACg8ocLw5D1dya3uaVwD1j2prgMcY7jA3xCXSh3XwqDgmoWPHu8lhQ=mo,thank you,5,0,6.85.7,2026-06-30 14:32:03,,,6.85.7,Duolingo,com.duolingo
1962df16-0d6f-4873-a234-b86e815f1845,Chinemerem Jessica,https://play-lh.googleusercontent.com/a/ACg8ocLoecmNZPA534vyxJcznuftjjaf2rRoqi75HBB8Zh6qg6F63A=mo,I started with french and is very fun,5,0,6.85.7,2026-06-30 14:31:27,,,6.85.7,Duolingo,com.duolingo
48d5485b-958b-4b6f-b46b-e342f5d47954,Bryanna Velazquez,https://play-lh.googleusercontent.com/a/ACg8ocIAmsGQtfC71wOBw42LcWSHYJr9sK0wEwpST7LMqpd_soZxDQ=mo,it is helpful,5,0,6.85.7,2026-06-30 14:31:05,,,6.85.7,Duolingo,com.duolingo
dd5fc2ec-d80c-4db2-9b4d-11c3b695959a,Kelly Jossy,https://play-lh.googleusercontent.com/a/ACg8ocJ1NbqgLLqcgOnKRjPADwLviX6y2zmEgDUCtqN9qogGpP174w=mo,Duo is really helpful.,5,0,6.83.4,2026-06-30 14:30:27,,,6.83.4,Duolingo,com.duolingo
7fb4e4e4-020a-4b3f-80af-488ec47e0f8e,Dashrath Rav,https://play-lh.googleusercontent.com/a-/ALV-UjU0xFArPzHx2uxTV_s6SI046a0FO2tQ1mW-IVFury6hMsCJ2fA,best,4,0,,2026-06-30 14:28:00,,,,Duolingo,com.duolingo
00a20b02-946b-4a30-b0bd-3b7df2fa99ca,Mia Mayo,https://play-lh.googleusercontent.com/a/ACg8ocKnkApDeUr90s-C_xKy7-8v_CvxVSbTgVzkpuO7FguodoZ6NCE=mo,I learned a lot of Spanish! I love this now I can travel to my country!🇲🇽,5,0,6.85.7,2026-06-30 14:26:46,,,6.85.7,Duolingo,com.duolingo
15576db9-1385-41e0-8789-fd7d07b61cd5,Lue Heck,https://play-lh.googleusercontent.com/a-/ALV-UjXjABFy1O1igD7LXmhUU7hV90O6_nJVIMlZglyNnDwiqhUCgdO70A,THIS IS THE BEST APP!!! I LOVE DUOLINGO,5,0,6.85.7,2026-06-30 14:24:03,,,6.85.7,Duolingo,com.duolingo
3fa94f0d-2e71-4000-8fbf-e1193683ae4e,umar abdurrahman umar,https://play-lh.googleusercontent.com/a/ACg8ocKPwonWCB5X1_veBxHZiUo_7MhliRw6rBqTek7eopbDSdjpJQ=mo,Great job,5,0,6.85.7,2026-06-30 14:21:47,,,6.85.7,Duolingo,com.duolingo
bafa5946-0c5a-441a-b9fb-c39520812250,Joan Dattola,https://play-lh.googleusercontent.com/a/ACg8ocIyVcC9xW7CDmA9SzL7BJNxvKAkmGPPR6a-ZDi0WHevQtruAQ=mo,Doulingo helps me learn! It's better than playing games on my phone! I am learning something I can use everyday.,5,0,6.85.7,2026-06-30 14:16:18,,,6.85.7,Duolingo,com.duolingo
e9c8b25a-2ee4-44bd-a970-411a0cc702f5,Ross,https://play-lh.googleusercontent.com/a-/ALV-UjVlhqzsRZ3Q-X4pGzlW19EP3wDyJoLY4F3ZFcQnD9CC9it7FCE,i lean chess math and more !!!!!,5,0,6.85.7,2026-06-30 14:13:48,,,6.85.7,Duolingo,com.duolingo
943bba23-3c0a-44e9-ab36-c8bac40d8fa2,Zeetah Cootee,https://play-lh.googleusercontent.com/a-/ALV-UjVFPoCPrm0tDhmuJWjGhpabdHNeO4drtomF6YLD0Ni4zeA7i3W8,Awesome way to learn something new,5,0,6.85.7,2026-06-30 14:12:28,,,6.85.7,Duolingo,com.duolingo
536fb788-930c-4cd9-9610-6900c52cfde2,bita bita,https://play-lh.googleusercontent.com/a/ACg8ocIgtZEWLDwwi3qGnLecmDBmvPq8B_LNQ4PkVfhMaM-wM34M7A=mo,"It's pretty good , but if*in Duolingo* we can note some words we didn't know it'll be best",5,0,6.85.7,2026-06-30 14:11:39,,,6.85.7,Duolingo,com.duolingo
0e477def-0e4b-4223-81e6-7ba9611bf357,Parth Gautam,https://play-lh.googleusercontent.com/a/ACg8ocL-1d2kZ4RvKSigt_dWhkOwPorxTt0b3P4Nc4HCFeutZVoEer2J=mo,Great experience till now,5,0,6.85.7,2026-06-30 14:09:15,,,6.85.7,Duolingo,com.duolingo
11a58194-1526-483d-a5c6-90e16ba3402d,Olumiyo Ngobe,https://play-lh.googleusercontent.com/a-/ALV-UjWc0fFD4iv3y0RmAiJBHl9GWEDc35UaJNmxiqXhGACc4o4mi3I,easy to learn i know Spanish now,5,0,6.85.7,2026-06-30 14:08:32,,,6.85.7,Duolingo,com.duolingo
215cc940-d4e7-4486-b678-2fdd5fcc5421,mel Elmazzouji,https://play-lh.googleusercontent.com/a-/ALV-UjVmWtcoqNqN3Q-rpNKrfPxG95mN5At2k6N-OnaVvIFfs6FVn2FETg,nice app,3,0,6.85.7,2026-06-30 14:07:11,,,6.85.7,Duolingo,com.duolingo
08284832-18db-47f5-a445-836971812f22,phakamani sithole,https://play-lh.googleusercontent.com/a-/ALV-UjWQT7UqyVy57mTG7Gv0dH1vKsn_N6pZ6-PkhCKmsQQatrp5AcY,great app,4,0,6.85.7,2026-06-30 14:04:08,,,6.85.7,Duolingo,com.duolingo
458dbaec-340c-4bef-beb1-bb128e99ae0c,James Naylor,https://play-lh.googleusercontent.com/a/ACg8ocKWuoAES6xuD4ty4kM_E8XSzuGilp-RfL-wecrTAVjSL6U8zQ=mo,Perfecto ❤️❤️❤️❤️,5,0,6.85.7,2026-06-30 14:02:26,,,6.85.7,Duolingo,com.duolingo
6b16e2f9-dbfc-499a-a2ae-72066b9bf5b6,Ay Lar,https://play-lh.googleusercontent.com/a/ACg8ocIVTHJU_JQGAyilxbjYaPOhHDoLgl-g0qU_batYGUqNmjz8QQ=mo,"the best app for learning a language and i don't know how to thank you, but how can I turn off the vibration ? it's kinda annoying",5,0,6.84.4,2026-06-30 14:00:40,,,6.84.4,Duolingo,com.duolingo
af431cc4-f4c6-435f-ba24-c1edd3240c98,Raymond Elekwachi,https://play-lh.googleusercontent.com/a/ACg8ocLHb7G8eWSFTuF_2Oyqy6sO7EenN4LRATlfHOwnp-h0kz2NFA=mo,very good,5,0,6.85.7,2026-06-30 13:59:56,,,6.85.7,Duolingo,com.duolingo
eb58e67c-d4ce-4970-a6e4-bc5b19768e00,Caitlin Kliss,https://play-lh.googleusercontent.com/a-/ALV-UjV_HFyo0HBUKIy0HEfgx-q2C7rvpprTDWvqVR0bYBB8-XkWWBrD,it has taught me so much Korean I feel like I know the whole language if I could give this a thousand stars I would but I know there's no such thing someone has to make that a thing though,5,0,6.85.7,2026-06-30 13:55:56,,,6.85.7,Duolingo,com.duolingo
23bf615b-8361-46ce-bf2d-7d6ffb8d044a,Maira,https://play-lh.googleusercontent.com/a/ACg8ocL3BBHYmr8Kz5uTh3vyH2oae0nTHVIH3MnD2-7l91ob0MH3EkA=mo,Travando demais,1,0,,2026-06-30 13:55:52,,,,Duolingo,com.duolingo
4971e445-9338-47e9-a900-e4d26213c791,tendai mhungu,https://play-lh.googleusercontent.com/a-/ALV-UjVbcyQ9NcLyFVP5_Hq8ewEsXodvM_1H28Ex8DWiWRd1sXKBHqbg,Sehr ler,5,0,6.85.7,2026-06-30 13:54:32,,,6.85.7,Duolingo,com.duolingo
6f1e9d29-739f-4f47-82a8-4fe3276a8a7b,phehello Mokoena,https://play-lh.googleusercontent.com/a-/ALV-UjVFnOi-iVtpU_7EiqDZTRVNASvisXqwxYUYssO8kXRkXocgkQs,I love this app it's the best I tried learning Japanese now I feel like I'm so near 😁👍👌,5,0,6.85.7,2026-06-30 13:54:13,,,6.85.7,Duolingo,com.duolingo
b0e3fcf7-114d-4ec4-bf19-1f03f2c46256,Jay Dubb,https://play-lh.googleusercontent.com/a-/ALV-UjUWaI-Evz9y3VkiwWKdpclsRqAywWZmoA9Ox3XieEwXvC0kYI8,nice app. very visual and engaging,5,0,6.85.7,2026-06-30 13:52:31,,,6.85.7,Duolingo,com.duolingo
cff348ed-faa5-4a4c-87c5-0998909f0dad,Amirhossein Taheri,https://play-lh.googleusercontent.com/a/ACg8ocKzeQ2m1zoI4X1xWu2EC3YDY0r6XtqggHBJ2ZtqBuOC7lm1qA=mo,perfect for learning but not good in conversation they should improve conversation skills because if you want to speak as natives do you must learn listening and response to hard questions as fast as you can,5,0,6.86.4,2026-06-30 13:50:43,,,6.86.4,Duolingo,com.duolingo
b562f7f6-5d0a-46cf-aaf9-62d4fcc397ce,sma taba,https://play-lh.googleusercontent.com/a/ACg8ocLHtmf5H0AfRHlrprYv8uVl-sSUQ01KgY8BprSgZceOO0i4SQ=mo,it's the best game for learning English by English,5,0,6.85.7,2026-06-30 13:49:38,,,6.85.7,Duolingo,com.duolingo
565aaa57-2830-43a5-b056-7c63553f85c7,James Wellman,https://play-lh.googleusercontent.com/a/ACg8ocLiBXa45Gm39nKd9KUZ5cpC_Taa4zfvRDLhMXS7dr97eZGCRA=mo,actually fun,5,0,6.85.7,2026-06-30 13:41:38,,,6.85.7,Duolingo,com.duolingo
7ca5d91f-8d26-489f-a104-b5d56ff20bbe,Audel Mokler Jr.,https://play-lh.googleusercontent.com/a/ACg8ocKhRmWYWpxHZ_hLHJBGrhaoW-cwu6ZnmLQFRdW1JM2dfFvtug=mo,nice ig,5,0,6.85.7,2026-06-30 13:41:27,,,6.85.7,Duolingo,com.duolingo
42bee543-1279-45e7-b303-40b61898db77,Abbas Gholami,https://play-lh.googleusercontent.com/a/ACg8ocL80RbGFUX6gWHq3JaD_GBvxsksKyNCK6ZxXBBFJfSoy2Ctl70=mo,excellent,5,0,6.85.7,2026-06-30 13:40:25,,,6.85.7,Duolingo,com.duolingo
8e779c52-cfa6-4dd4-89ab-3df1fda7d53d,Esther Ibrahim Joseph,https://play-lh.googleusercontent.com/a/ACg8ocJQnT883VxTe25BlTvd0BaM-eB67UqwIsGd5O1j2zMlI6y8tQ=mo,It's just so much fun 😀!!! learning!,5,0,6.85.7,2026-06-30 13:39:40,,,6.85.7,Duolingo,com.duolingo
9d324125-50b7-401b-9012-3e0237265d23,Magdi,https://play-lh.googleusercontent.com/a/ACg8ocKaBwNXdXTRBiwNDE8ZXjYHL0d2Tlc6oaPDa5XnV2cgC7za0Q=mo,this application is so good 💯,5,0,6.85.7,2026-06-30 13:38:10,,,6.85.7,Duolingo,com.duolingo
411ca15d-98c0-4e2c-a1f9-9b8febabf48b,Riyaz khan Ahmad khan,https://play-lh.googleusercontent.com/a/ACg8ocIq1mtZ2Wx00TnIMlnOoUKj2oUAub75ho2ghy4qw4-e3z4sMA=mo,very nice game,5,0,6.85.7,2026-06-30 13:34:00,,,6.85.7,Duolingo,com.duolingo
d688a2a1-ba4e-4e7a-8ef7-b10b740252b9,Hannah Owusuaa,https://play-lh.googleusercontent.com/a/ACg8ocIb3MlbIw3cMlG2tADTmJwOFZnMC7NOWHYKsGugAfoHc3UGUg=mo,It's Perfect,5,0,6.85.7,2026-06-30 13:33:05,,,6.85.7,Duolingo,com.duolingo
56da169e-8758-4cab-afe0-5aef5f99cac2,Alexus cantrell,https://play-lh.googleusercontent.com/a-/ALV-UjUeTSbo1MnRsTNVYSsQwLPXfyGoE5zJZ4mfPRU0zQ0Ekwv_c3dw,I love Duolingo it helped me so much with learning new languages!,5,0,6.85.7,2026-06-30 13:31:18,,,6.85.7,Duolingo,com.duolingo
6b6b4b86-2044-41cd-9ab6-4d4be9b46584,Kolade Opeyemi,https://play-lh.googleusercontent.com/a/ACg8ocL1gr5woDTVJgPnoBIHZvydF_K_cm1RBsOzTbz4S4zEh9snzQ=mo,I love this app,5,0,6.83.4,2026-06-30 13:30:05,,,6.83.4,Duolingo,com.duolingo
2ee17ffc-bd6b-4117-a58a-aa91e02681a4,Devika Sharma,https://play-lh.googleusercontent.com/a/ACg8ocLWMUKGLkP-J0DP0tgYWfXq5HM9FFr3Zs9tQNENN8i10sGXJA=mo,Great,5,0,6.85.7,2026-06-30 13:27:52,,,6.85.7,Duolingo,com.duolingo
6bf5c9ea-ec25-4cd9-9ac7-1a2c7d1c84e2,Mahboob Dastagiry,https://play-lh.googleusercontent.com/a-/ALV-UjU2Lq0i_KvzJ3O_lp6KqIa5ua9gXrUZKVsXrUaMopaMoIw9Al1Z,best learning app i have use,5,0,6.85.7,2026-06-30 13:25:48,,,6.85.7,Duolingo,com.duolingo
e5a75098-bf46-4436-8094-45c923d16ce1,Noel Zobor,https://play-lh.googleusercontent.com/a-/ALV-UjWNuIgzV9tpm_1Gvq-Pd6HBqwSNBsUxVlRHOryltAR41jjwQFs,"when I started duolingo I loved it! I have a 58 day streak and I'm proud of it. so the reason why I rated this one star is because I think the streak system is a little bit too harsh, you should be able to learn anytime you want and not be forced to, the system just gets more annoying overtime, and the beginner lessons should be about 3-5 minutes longer, and when I just do one lesson and try to do another, I HAVE TO WAIT TO GET MORE ENERGY. I might just quit.",1,1,6.85.7,2026-06-30 13:24:46,,,6.85.7,Duolingo,com.duolingo
335fc125-acaf-40e1-a921-461f1f355315,Miguel Vargas,https://play-lh.googleusercontent.com/a/ACg8ocIMg-7KBYTDfGhOBRxOVnaloGHKg7YGM-78XcWptpm--nhKNg=mo,good 10 stars,5,0,6.85.7,2026-06-30 13:24:44,,,6.85.7,Duolingo,com.duolingo
09f2e0ff-bd99-412f-8959-37dde5a126cf,Thendo Netshitongwe,https://play-lh.googleusercontent.com/a/ACg8ocLK2eFwpP-nD0iG639L_YkMb46kW2tIH3Xrp1cq2yzyDDnycw=mo,it's fun an easy,5,0,6.85.7,2026-06-30 13:19:16,,,6.85.7,Duolingo,com.duolingo
ea95ce40-e51a-4871-a60a-c92d2afd49f6,Eduardo Garcia,https://play-lh.googleusercontent.com/a-/ALV-UjUKB1pUbnMmsZbm4kTvI76GyHNsKHDqJxCuSV09I8VUoUdGLRaD,"La actualizacion es una basura , no tenian porque quitar los tips de gramatica marcados en azul al inicio de cada sección, ahora con dicha actualizacion ya no aparecen, eran de muy buena ayuda.",3,0,6.85.7,2026-06-30 13:17:37,,,6.85.7,Duolingo,com.duolingo
abaaf736-08f2-44d6-baf0-fb59161f9686,Rotisse,https://play-lh.googleusercontent.com/a-/ALV-UjX78yUhn1JNHeNehe_x7urM7xaPWQjwTQ-2IZjKX4zyCQV-y3us,love the update. why did they have to use ai tho 😔,4,0,6.85.7,2026-06-30 13:15:40,,,6.85.7,Duolingo,com.duolingo
bcea17bc-7484-4d8b-9e2b-0ec9a6f397a1,Franklin Arinze,https://play-lh.googleusercontent.com/a-/ALV-UjUuwx7eRAJTEFpdqVd9YUNFPBZeo8-_ZNcq0CjEyVy-7iziLI4a,It's too good and fun also,4,0,6.81.4,2026-06-30 13:14:58,,,6.81.4,Duolingo,com.duolingo
968cecda-344f-44ff-ab98-7b58bc5b9a07,josen,https://play-lh.googleusercontent.com/a/ACg8ocJ_jbd9eTpuU0m-dHzMjm2KTTHToIaQZ4GVAtCPZ0hCIjBlOg=mo,otimo!,5,0,6.85.7,2026-06-30 13:14:10,,,6.85.7,Duolingo,com.duolingo
26ec4bd1-72c1-456a-993f-3ba7be0497e7,"Md,Rakibul Hasan",https://play-lh.googleusercontent.com/a-/ALV-UjUclbuZN_9GizUm4wRKXCC74spNRiLggI282n2DCd5RUgydAHod,ya sa i,5,0,6.85.7,2026-06-30 13:13:54,,,6.85.7,Duolingo,com.duolingo
1bbd7856-7dbf-438f-9c0a-e49807186127,Mahi Khan,https://play-lh.googleusercontent.com/a/ACg8ocIx_rUr7HIg_nDX_FOlWN32Lbz3uo2wRqnYTf7Ldgpd_0g7Lg=mo,this is full of fun I love it,5,0,5.141.12,2026-06-30 13:13:34,,,5.141.12,Duolingo,com.duolingo
c8af4459-e694-43de-ad25-47d19dd3e9e6,3 Gaming Amigos,https://play-lh.googleusercontent.com/a-/ALV-UjVemgrj4QgjziPUlI3Iv8u7b7ItNFolm_mdnFTYbncT4eLWwGgZiw,Jus great,5,0,6.85.7,2026-06-30 13:12:10,,,6.85.7,Duolingo,com.duolingo
5688a8c8-26cd-49a8-8afb-5eeee077ace3,Melissa Lowe,https://play-lh.googleusercontent.com/a-/ALV-UjWSeiwXJRmlPYGmnnw1Lq_SkcMxNW1SjVORYWFlXNKLx2GJfpxT,I love this new way to use duolingo!,5,0,6.85.7,2026-06-30 13:10:52,,,6.85.7,Duolingo,com.duolingo
435de7b4-7ab9-4080-aac3-336738cb5c64,Hunter Andrieu,https://play-lh.googleusercontent.com/a-/ALV-UjXKqA2wRup3_aT-phz-kpLDBF7u93hsc8dKkG9RJuo2DCjqgP8,I can't buy Duo Cup Suits? I don't have the option? I'm willing to pay a measly $2. Duo hush up and take my money! *Bangs credit card on the counter angrily.*,1,90,6.85.7,2026-06-30 13:10:11,,,6.85.7,Duolingo,com.duolingo
80246116-7d0d-426c-bc78-6588f065e325,Aaron Lee,https://play-lh.googleusercontent.com/a-/ALV-UjVHsWumnxU3yMsOJqG1zELuAfot2kiqALhR6QOxaqrugj4xLg,would be five if there was a way to stop the app icon from changing,1,1,6.86.4,2026-06-30 13:09:21,,,6.86.4,Duolingo,com.duolingo
1a23f38e-7c31-4749-8f95-b442c4a2b342,Saarang Baloch,https://play-lh.googleusercontent.com/a-/ALV-UjWWon5sca9fCVNUZBnxr5S9IygDj3kr3BcQ46YC9a9Sozrjr4EK,"That's a Great App, and Totally free but you have to watching ads and some time you get Super plan without pay any fees or cost for super. Thanks to Duolingo!",5,0,6.85.7,2026-06-30 13:08:07,,,6.85.7,Duolingo,com.duolingo
804e73dc-72ca-44e0-a349-136744e81955,Sana kauser Hashmi,https://play-lh.googleusercontent.com/a/ACg8ocIoq7fJcXad5dLoApSMKMGA3pvfDOZLUhaT6F-_XMDIaJdC-w=mo,very nice experience,5,0,6.85.7,2026-06-30 13:07:19,,,6.85.7,Duolingo,com.duolingo
d7072692-2371-4f76-909d-68eabae6d190,Moflix Mo,https://play-lh.googleusercontent.com/a-/ALV-UjUCX9jPhejO0ebi-Ly5VNA_pCQmAcNba3Xl5KdlYy1XniRWeA,I appreciate merci beaucoup,5,0,6.85.7,2026-06-30 13:06:07,,,6.85.7,Duolingo,com.duolingo
9098b0ea-b41c-474e-b5e5-499375ab2112,Olivia Nhyira Ntiamoah,https://play-lh.googleusercontent.com/a/ACg8ocKbXEtJ4sh0OApDyRBERXdBBC4c5uF6O3zldWi3PqZ8gCBMEw=mo,it's great,5,0,6.85.7,2026-06-30 13:06:04,,,6.85.7,Duolingo,com.duolingo
d6a5001b-0324-4fd9-b171-86492fec1a7d,Amanda J,https://play-lh.googleusercontent.com/a-/ALV-UjUlMpx6qyAtEHrjebUdhHX4f-V3thZlmjtMxOMi3X8pyIsbiBA,I like the duo app but I'm curious what happened to the holding zone in the different ranks? I now only see demotion and promotion... where is the holding zone in between??? this change sucks 😔,5,0,6.85.7,2026-06-30 13:04:17,,,6.85.7,Duolingo,com.duolingo
cbdafb4c-6d1d-49fe-87fe-997a6a369f74,Faruk dewan Dewan,https://play-lh.googleusercontent.com/a/ACg8ocIYd-9CcWDwQsCB9rCpGcBbVdqbuEU0gZnb5FslCCjlxgQRPA=mo,nice app 💯,4,0,,2026-06-30 13:03:00,,,,Duolingo,com.duolingo
440e0017-5ba6-40f9-a835-d533c9e97253,Kagiso Itige,https://play-lh.googleusercontent.com/a/ACg8ocJ7TiQnAmca0WCPN7a26O8l_3AGbLL9HIdSFKmJ-I6KFNq8Ng=mo,Fun and Easy App to Use to Learn a Language,5,0,6.85.7,2026-06-30 12:59:10,,,6.85.7,Duolingo,com.duolingo
6a990d57-9db8-4d55-a0ef-96d2056ddd24,Igwe daberechi,https://play-lh.googleusercontent.com/a/ACg8ocLbCvSn221TJsvvr-5MWyPDjuzHAIu6G1BL1B0u4ImijYul-g=mo,I'm enjoying Duolingo,5,0,6.85.7,2026-06-30 12:58:52,,,6.85.7,Duolingo,com.duolingo
5405a339-4c57-4596-8141-db41041c0f39,Gabby,https://play-lh.googleusercontent.com/a/ACg8ocJx9FSs4BwNnwqOT4lkNnSgSFEYWqOEW09LQrQRpvB_B30yQA=mo,scary owl,1,0,6.84.4,2026-06-30 12:57:41,,,6.84.4,Duolingo,com.duolingo
f4f16877-ce1b-4f05-9aa7-52fe09b272a7,Pierce,https://play-lh.googleusercontent.com/a/ACg8ocJxvEwKmlVU93QYzL9ZPczCD_mcfHC_-YFSq7U7skNffmVMH28=mo,makes me fell smart lmao,5,0,6.85.7,2026-06-30 12:57:39,,,6.85.7,Duolingo,com.duolingo
85a001dd-cff6-4ad1-8d78-f220de04d9a5,NOKUTENDA CRAIG Kamba,https://play-lh.googleusercontent.com/a/ACg8ocIb9f7E1ZP_b1d92XGQC_ySHQ0MHZ9ogG0IzJZXxV3rLHWohw=mo,boring stop putting ads everywhere,1,0,6.78.4,2026-06-30 12:57:08,,,6.78.4,Duolingo,com.duolingo
77e2fa11-52b5-4aa8-9375-5359f8af1ba5,K. Murphey,https://play-lh.googleusercontent.com/a-/ALV-UjVASfyVL3rMMLxl_1UDVpi_nhbyOvCB5bKbAl2_pmQ8-ju9vp26,"so tired of ""losing my streak freeze"" even though I've done a lesson. it's an obvious cash grab. I literally did a lesson less than 12 hours ago and got a notification saying I lost a streak freeze? explain it to me, lil owl man.",1,3,6.85.7,2026-06-30 12:56:37,,,6.85.7,Duolingo,com.duolingo
2ee43ea8-8365-48d5-9230-730343b3a367,Angel Rodriguez,https://play-lh.googleusercontent.com/a-/ALV-UjU_NxZ6vQMmoZme9pmfNd_AnTv9gNxhQGnDVFjF4CRcjlgce3pq,good app,4,0,,2026-06-30 12:55:36,,,,Duolingo,com.duolingo
1a1ecfed-b9f7-4c30-a717-bc941d9d10ce,Emmanuel Bwalya,https://play-lh.googleusercontent.com/a-/ALV-UjVeg7NAvXz5u4nuCdoJjS3Xf7elRve90RmZYikw88U-3rKcBQV9,"Make leagues optional.Instead of learning new lessons,l keep on repeating old and easy ones for hours or until my head hurts and can't concentrate because of looking at the screen for too long just to stay on top of the leaderboard and avoid demotion.Instead you should concentrate on developing a language exchange of some sort,where learners can chat and help each other out on the languages they are learning.Right now we're like a bunch of Gladiators.",4,3,6.85.7,2026-06-30 12:55:15,,,6.85.7,Duolingo,com.duolingo
b0f3a8c1-96e6-4301-8695-73a13ccdfe8c,Sue Cooper,https://play-lh.googleusercontent.com/a-/ALV-UjV447eUFKlaAB9hWdqhcpvt_S6Aa19YCYvaug_cdrDfGCzJSJ0L,"it MAKES me learn a little every day, which is what I need!",5,0,6.85.7,2026-06-30 12:53:37,,,6.85.7,Duolingo,com.duolingo
6533d28a-1a6f-4958-a68b-a09528e6bfeb,Samiir Salim,https://play-lh.googleusercontent.com/a-/ALV-UjUMmrLGj_2j-ywTnVIeZ-qLJroePWZUaXX1b0kx4GFrtHprUfin,Super,5,0,6.85.7,2026-06-30 12:53:11,,,6.85.7,Duolingo,com.duolingo
9d79d071-92bc-4c7a-8d75-67700e056093,Hunter Partlo,https://play-lh.googleusercontent.com/a/ACg8ocKIQ4_ElgNXHJzdPThlIPyQcxPCrI_Svz89HHXywzC9IoAShA=mo,It is a very good app for new and people who know little also. It is very good if you want to learn a different language or math and even chess. 5 stars. Easily the best app for learners.,5,0,6.84.4,2026-06-30 12:50:42,,,6.84.4,Duolingo,com.duolingo
0ae6d16f-3ec4-47b3-9d58-c43560d4af8d,Shanice H,https://play-lh.googleusercontent.com/a/ACg8ocLJfb6bwdSAwxKZ1MdNauaSbe3-1nH7udSmta7ESEIsoPuojg=mo,it's amazing cuz it's easy to use you learn a lot and it's free,5,0,6.85.7,2026-06-30 12:50:29,,,6.85.7,Duolingo,com.duolingo
3567f4fb-b450-4430-a396-24766310b8bf,Ot H man,https://play-lh.googleusercontent.com/a-/ALV-UjUsj6QIi358fdIVM1cKzExc5HqoywzM3laaOP2QC4OpRE6QEMuy,أفضل مترجم,5,0,5.141.12,2026-06-30 12:50:11,,,5.141.12,Duolingo,com.duolingo
30784e5b-8f24-4843-a679-c0f36dd7d6db,Ousmanu Amadou,https://play-lh.googleusercontent.com/a-/ALV-UjUgLsVZCyAHZWen8ZEUTUmwmDhR8Z_4NOj7bnEW2P2b_PRBtvim,best app to learn any language,3,0,6.85.7,2026-06-30 12:49:16,,,6.85.7,Duolingo,com.duolingo
71b8328f-d456-4efa-974f-d8986929edde,Bonhomme Mario,https://play-lh.googleusercontent.com/a/ACg8ocIsMAr152nAxz0GBaB734_LRQVyL28TCiERwsTL-ufdH4EpRA=mo,I lake you,5,0,6.75.7,2026-06-30 12:48:35,,,6.75.7,Duolingo,com.duolingo
68dbf292-e3c1-4447-b493-09fa15282b29,Nishimwe Divin,https://play-lh.googleusercontent.com/a/ACg8ocKVONGXjBw_cur6qN9yZN1sJIsm9G2gk3VBaxZl5eyw17NUwC4=mo,very intersting app for learning languages,5,0,6.85.7,2026-06-30 12:45:29,,,6.85.7,Duolingo,com.duolingo
c50edb45-8b80-4f55-b580-ee91bb7060f6,chat gpt,https://play-lh.googleusercontent.com/a/ACg8ocLQw9e3QNs6x0mOHl0QiUdFaz5A2Do4pyEAgEs7T8lE9v0WPA=mo,i love thes geim,5,0,6.85.7,2026-06-30 12:45:26,,,6.85.7,Duolingo,com.duolingo
30a66e4f-1373-48f9-884a-5fbe1c51546b,Oluwatobiloba Kadri,https://play-lh.googleusercontent.com/a/ACg8ocKKyzSVmS4Rf6t1h73-grX3YXOjnyjZDh4zvhE7Q6sbgskkQw=mo,"Amazing app, I love it😊",5,0,,2026-06-30 12:38:56,,,,Duolingo,com.duolingo
cf830e1c-4a6a-4ec5-b6ba-5a2531ea9209,Anthony Bwye,https://play-lh.googleusercontent.com/a/ACg8ocLpVRqZt4M8QUAiU66GPRrinkWC6wP6Z_FORR4i85DG320d1g=mo,Enjoying learning a new language with the aid of Duolingo and making steady progress.,4,0,6.85.7,2026-06-30 12:37:07,,,6.85.7,Duolingo,com.duolingo
086252c2-2293-4e3e-a771-56eb3019a878,Dorra Kcm,https://play-lh.googleusercontent.com/a/ACg8ocJLJkIc64IsWojn3nd31DPNtBaorM4bwgOTZ7cBkP_fx7PF_w=mo,that's amazing,4,0,6.85.7,2026-06-30 12:36:04,,,6.85.7,Duolingo,com.duolingo
ba8e67e5-791a-4da6-85fd-37176d90c85f,Jim Smith,https://play-lh.googleusercontent.com/a-/ALV-UjUX8VS3_nnGXyDGs2rpX0t7Dkm9X_looYPEt2e8m00SGuux_KO8Pg,doing the chess way had been very fun,5,0,6.85.7,2026-06-30 12:33:54,,,6.85.7,Duolingo,com.duolingo
dcec30ca-99ee-4702-8c53-90522ef070c0,Manoj Kumar,https://play-lh.googleusercontent.com/a/ACg8ocKkefgVkmkUIe4FdtDzj-9VrNsFePLsb-818Ix114GzbQElqw=mo,Duolingo is best learning app,5,0,6.85.7,2026-06-30 12:33:06,,,6.85.7,Duolingo,com.duolingo
bb2cb3db-767d-4b9c-b659-043d051d7f14,Ahmed Shubra,https://play-lh.googleusercontent.com/a-/ALV-UjU2u-h_1VHBIMZtbVz0tEngoD3d8AH5_bXpGOxmrbZAqOF2dio,برنامج ممتاذ,5,0,6.85.7,2026-06-30 12:32:56,,,6.85.7,Duolingo,com.duolingo
219f1d5e-f04a-4a88-bddb-34f84de114e9,بارانا یونسی,https://play-lh.googleusercontent.com/a/ACg8ocIu6M8hNIDud1Le_j7cO6fAopsedmF3WV_9q-vLI9yjwACbKg=mo,perfect 😘 Iran🇮🇷✅ America 🇺🇸✅,5,0,6.85.7,2026-06-30 12:32:07,,,6.85.7,Duolingo,com.duolingo
60eee427-d676-40b4-9867-6493c14bcd7c,Yvonne Galang,https://play-lh.googleusercontent.com/a-/ALV-UjWRWeFLzLCh8lrdkfTnRAmRlRmlP7ThTexU_uAKvV70YcPiPMB6Iw,sooooo goodddddd,5,0,6.85.7,2026-06-30 12:30:50,,,6.85.7,Duolingo,com.duolingo
5ce5221f-e34b-4ace-a9bb-def0dd213de6,Mohamed Ahmed,https://play-lh.googleusercontent.com/a-/ALV-UjUzGYuH0cx5tBdPeF8loUSSJqokuJVdODvMM2ya798u-yJrHqa0,Thank you 🙏,5,0,6.85.7,2026-06-30 12:30:47,,,6.85.7,Duolingo,com.duolingo
df63c010-834c-47d5-8f49-f4145ed39c21,Marikuna Marikuna,https://play-lh.googleusercontent.com/a/ACg8ocK-dA3SyK5tBu6XpPPFB-IcPR5BUUC05oh6gIaX3eVrt0uDrw=mo,it's perfect for speak good,5,0,6.85.7,2026-06-30 12:30:26,,,6.85.7,Duolingo,com.duolingo
5727efb7-fe5c-450b-96c2-8696821d47dc,Kajuju Brenda,https://play-lh.googleusercontent.com/a/ACg8ocKUN5P_UVJi71TWt6XofzMjoiHSEc0PXpgT7ZboN0xoYLl3sg=mo,best teacher ever,5,0,6.85.7,2026-06-30 12:29:44,,,6.85.7,Duolingo,com.duolingo
e6b11813-10e4-475f-b790-2cbda88ab49c,Morgan West,https://play-lh.googleusercontent.com/a-/ALV-UjWUFuMgtmudSfigpQbKwQiAltVuNfc9mRxP_K09COKBijHno8U5,I like Duolingo because it can help you with more talking about Spanish and it's becoming more easy about it so I'm trying to learn more Spanish so I can talk more Spanish to my papa and then this will be any kind of easy so thanks Duolingo this is the best ever.,5,0,6.85.7,2026-06-30 12:28:50,,,6.85.7,Duolingo,com.duolingo
f4b6c4f5-dffd-43b5-95d7-e15fc494d24c,Rahima Begum Rahima,https://play-lh.googleusercontent.com/a-/ALV-UjUY41FcpiyBD1xHxd-qvzYU5yIe02GHHxl-kL4KqlylifhpdPQ7,really fun and easy the adds aren't annoying recommend app,4,0,6.85.7,2026-06-30 12:28:26,,,6.85.7,Duolingo,com.duolingo
f714d728-fb9e-4c7c-9c06-8e1c22d28a48,Laura Chinonye,https://play-lh.googleusercontent.com/a/ACg8ocLIufq4sPkbKzara726SU5hCH6JSB2U_rDDuSHyH31LDBXr1w=mo,it's nice but sometimes can be a bit annoying,4,0,6.82.4,2026-06-30 12:27:57,,,6.82.4,Duolingo,com.duolingo
e3946af8-f5c4-44df-870b-b49883d23437,Sumama kakar,https://play-lh.googleusercontent.com/a-/ALV-UjXQU_ebR6hXRvM7xpNHGcR6qYChAcdSkVUqNsIPBaWp5t7lDVZy,super,5,0,6.85.7,2026-06-30 12:27:05,,,6.85.7,Duolingo,com.duolingo
86652c43-be1d-4af7-a1b1-1a8a1b2165bf,Esther Simiyu,https://play-lh.googleusercontent.com/a-/ALV-UjVyCLYk6FRS_XN3CEcP1PZ01meCbxNz1Beo-O9_MdzYnAMnjm-D,it's like the real teacher!,5,0,6.85.7,2026-06-30 12:26:57,,,6.85.7,Duolingo,com.duolingo
95b6dc53-ffb6-46d3-80e5-40e674ab4163,Fred Omo,https://play-lh.googleusercontent.com/a/ACg8ocICkA9O7YbeFHrLXPapmMaFeyWoMvvwDT1CH6yHU8j-66OfJA=mo,This Duolingo app is very good. it's really helpful in my french learning experience,5,0,6.84.4,2026-06-30 12:24:07,,,6.84.4,Duolingo,com.duolingo
f1941f04-11a0-466a-80ed-edb90822273c,Marciano,https://play-lh.googleusercontent.com/a/ACg8ocIWrI217lqH68Hg-rgH0nBt3XvBMnPpfLwXLNOPVs_Br2J6Rw=mo,it's really helping me learn Spanish and it's really fun!!! :) I want to learn Spanish at only 8 and my birthday is in 7 days,5,0,6.85.7,2026-06-30 12:24:04,,,6.85.7,Duolingo,com.duolingo
897be37b-5451-47d2-bf61-cf47a10080ed,Mostafa Mohand,https://play-lh.googleusercontent.com/a/ACg8ocJB-KjVsQBWsSt6R8cjermWddl2JB4VNKNsIIRmX3zC2pgj8A=mo,شتت,5,0,6.85.7,2026-06-30 12:24:01,,,6.85.7,Duolingo,com.duolingo
19c95a59-ab70-48b0-8e78-7de40430659b,Nthatisi Malete,https://play-lh.googleusercontent.com/a/ACg8ocKrqgXTX6q6EsEcUDY-D5Ehdc6c_-wzsAUaNopVymocznVQ7Q=mo,It helps learn all languages,5,0,6.85.7,2026-06-30 12:22:34,,,6.85.7,Duolingo,com.duolingo
b4f97674-5531-4058-a604-6e264d918ab8,Jack Slade,https://play-lh.googleusercontent.com/a/ACg8ocLtTd0HpggfWXtJglFYCD1Ylmgw1eBl7sEav8MsqYSFya6VqA=mo,"It is great at starting out, but it needs to start engaging more. It needs to allow you to revise specific aspects you are struggling on (like verbs). not great. currently, the app is really getting hit by a bug that is making most verbal exercises for the Japanese programme unusable. the sentence displays off the edge of the screen but then updates halfway though your answer, completely throwing me off. bug has been present for awhile and I have not had any feedback or seen any progress.",2,1,6.85.7,2026-06-30 12:21:49,,,6.85.7,Duolingo,com.duolingo
217272e6-a8d6-44bc-9b1f-169d3a60b458,Rathish K,https://play-lh.googleusercontent.com/a-/ALV-UjVBHFwNY88NzgcJeGZdi9vMsFgWCTaaNd6-XMQE2BjyXDFrsfeg,best,5,0,6.85.7,2026-06-30 12:19:10,,,6.85.7,Duolingo,com.duolingo
0eb3c1ff-1f55-4880-ac0f-5aaa395b74bb,Michiel Soede,https://play-lh.googleusercontent.com/a-/ALV-UjUQwJze29o7iohYn2DjKo2AR6XLOoENUYmUEHF9-x5iKzjkvT7o,i practice every day. why it keeps showing the sad face.,4,2,6.85.7,2026-06-30 12:17:13,,,6.85.7,Duolingo,com.duolingo
c7ebd8b3-1f7d-40c7-a984-7621ba0460f5,Khizar Aqeel,https://play-lh.googleusercontent.com/a/ACg8ocK9Syv8aYBbBiBQO7AFlhcEn2v8wSoHKoaLjYynxUfLW7bbdQ=mo,this app is so guddd must download I hope u like this app cuz this app help me so much......😝🙌,4,0,6.85.7,2026-06-30 12:14:54,,,6.85.7,Duolingo,com.duolingo
374022a5-0fd1-449a-b9ca-6dd4aa072887,Nemath Konda,https://play-lh.googleusercontent.com/a/ACg8ocK6ef9m8MEN2dEA9OH_2fpWHpYa1R89-1iI6rC_hvITWKrlyg=mo,by far I have been learning German and maths and so far this is the best app that I've seen it helps me understand mistakes and gives explaintion and by far it's like a language school and many more but in a game style,5,0,6.85.7,2026-06-30 12:14:33,,,6.85.7,Duolingo,com.duolingo
3ea566b7-0e6e-4976-83c0-570e317cd028,Isabella-rose Madden,https://play-lh.googleusercontent.com/a/ACg8ocLjF2q2ZUio2538P0a7JW60nOn0-23mHI_g6s1o35GvYQU7=mo,I love duolingo it's so much better then airlearn,5,0,6.85.7,2026-06-30 12:14:28,,,6.85.7,Duolingo,com.duolingo
fe51a408-d7fc-4bfd-89f9-fa8e611009bb,Nguyen Nguyen,https://play-lh.googleusercontent.com/a/ACg8ocIu5BQhWeB0LCry2RshZpM1gdP0e42diEVxRGfyhmGFf5fdjg=mo,Good nhưng máy bị lỗi không nói được,3,0,5.121.15,2026-06-30 12:14:08,,,5.121.15,Duolingo,com.duolingo
9e00253a-ea80-4e93-a87f-1c18363dc44a,Adrina Kiarostami,https://play-lh.googleusercontent.com/a-/ALV-UjXjpR8bEkoNGp6TN8Z9CF5rBk-IoMGX20CU_Dmr4LOvExZguzk,really great i love it!,5,0,6.85.7,2026-06-30 12:11:25,,,6.85.7,Duolingo,com.duolingo
adaff1c0-a516-4464-bf30-070fb750c1db,Samkelisiwe Mfazi,https://play-lh.googleusercontent.com/a/ACg8ocLBzRjAy7LnMKuGr06gruCfYKu948OSF5CFysA3UWBjWJTR1Q=mo,so good,5,0,6.85.7,2026-06-30 12:10:49,,,6.85.7,Duolingo,com.duolingo
5137bdc3-9c67-4aa8-83a6-4329ebfdf49e,Khadija Joomla,https://play-lh.googleusercontent.com/a/ACg8ocLxYfS9lQhK7YsrfTSDkhkHcxr5yzBefvftPs3uuSs2uUZ53Q=mo,perfect 😍😍💃🏻,5,0,6.85.7,2026-06-30 12:07:01,,,6.85.7,Duolingo,com.duolingo
2e190390-f652-4ce7-8f95-148be46d4860,Mirza Ali,https://play-lh.googleusercontent.com/a-/ALV-UjVQ3vTvwtUNJzG4AZJRVGneew9HKior2rTg7QUajOLsAoarp6U,great 👍🏻,5,0,6.85.7,2026-06-30 12:06:15,,,6.85.7,Duolingo,com.duolingo
100efc77-0f2f-4f28-8b28-52670161a040,Chanin Chanporn,https://play-lh.googleusercontent.com/a/ACg8ocIr57O115QOQhDjsd3RQYnasHEmxA6dgOV1DekvmathEBa1pg=mo,Just started lessons and loving it. it's a must try,5,0,6.85.7,2026-06-30 12:05:41,,,6.85.7,Duolingo,com.duolingo
c6a41a71-4c10-4418-a5e8-192b60fa9f6c,bernardo ramirez,https://play-lh.googleusercontent.com/a-/ALV-UjUhb9Ti_emIbro7reD9HpyvClMr0N3_lfqPFCChF4Vxahhq1H1u,siuuuuuuuuuu,5,0,6.85.7,2026-06-30 12:05:37,,,6.85.7,Duolingo,com.duolingo
f17528b2-df1c-4d80-9fad-4f28f631627b,Mungufeni Joseph,https://play-lh.googleusercontent.com/a-/ALV-UjVCUrvWcH3L5oMutdCDUyLr5gfBzTXLzt9mTOTpm2QKxYf_j_s,one of best learning apps for language,5,0,6.85.7,2026-06-30 12:04:57,,,6.85.7,Duolingo,com.duolingo
c7bd94b3-5066-443f-8d90-c22a01888621,Brian Solis,https://play-lh.googleusercontent.com/a/ACg8ocKsEZrc5_PHMMJnKVDW_jq_liTy5EdIg5N5fOm2R1rEaLAl=mo,I learned how to say dog in french,5,0,,2026-06-30 12:04:53,,,,Duolingo,com.duolingo
5131152f-7434-4f15-8f85-fad25c8741ee,narayan sundesa,https://play-lh.googleusercontent.com/a-/ALV-UjXtZWTBpCE3DjW2gPz0DXjavuEK8CU_cc2S5LLIjxglpjKIPB9UYg,perfect,4,0,6.84.4,2026-06-30 12:02:39,,,6.84.4,Duolingo,com.duolingo
64a3b88e-9936-4b4c-9f14-e13c2db322de,Lalji Yadav,https://play-lh.googleusercontent.com/a/ACg8ocKfpoSllqtS6Hb7oMjSAYShmqPGh7zGgjJNkHjA4iIySSZjyg=mo,very good,5,0,6.85.7,2026-06-30 12:02:29,,,6.85.7,Duolingo,com.duolingo
010bed2e-eadd-415d-a247-cd688ae6a3fe,Joshua Omoni,https://play-lh.googleusercontent.com/a/ACg8ocIeWjcm4sLwAvERXA8_TbzN-GHm4rlnGG2cM1IDLrJZMjSL6Q=mo,"Nice app, it's worth trying ✊",5,0,6.85.7,2026-06-30 12:01:53,,,6.85.7,Duolingo,com.duolingo
2f2863d2-9fc0-4e67-8924-043ca6fb7675,aya ahmed,https://play-lh.googleusercontent.com/a/ACg8ocKhl4zMpN0tT5A-809DEAVrDEDIy4w8Uiky-dppZgl2XxMkkw=mo,جميل,2,0,6.85.7,2026-06-30 11:59:54,,,6.85.7,Duolingo,com.duolingo
6683f6e0-d798-4c6e-9a06-3066c39bb41d,Rangge Raza Only naats,https://play-lh.googleusercontent.com/a-/ALV-UjXIInKHsjbYtj1vjSy55yVDVEeYfHFnFZ2Z8IccNFceCIA_ows,this is best app for free learning,3,0,6.86.4,2026-06-30 11:59:13,,,6.86.4,Duolingo,com.duolingo
86212e7f-5320-4314-982a-0585747ec7f6,James Pascal,https://play-lh.googleusercontent.com/a-/ALV-UjWC36kDxdlTB43d2WUu4Df1QOJhxwCdP11wUwRipVMgXhbNQvXG,it's nice app and easy to learning super🤙🤙,4,0,6.85.7,2026-06-30 11:58:53,,,6.85.7,Duolingo,com.duolingo
10581a48-9cf0-46db-b1cb-13cf4224f167,Jeffrey Hackney,https://play-lh.googleusercontent.com/a/ACg8ocJkOEBD-s3K01aQpwvfWWwiSQ68JPZyGH_Az0nU68sBCVimqw=mo,learning is fast and easy a real joy so far can't wait for my next lesson tomorrow morning 😀,5,0,6.85.7,2026-06-30 11:56:40,,,6.85.7,Duolingo,com.duolingo
2619610a-5471-4569-b215-ccb25d5cb3f6,نیما ساوئی,https://play-lh.googleusercontent.com/a-/ALV-UjU2JSHdGg_bqPiA2hIdwzUIPdhqOS12144GmKtviQDSYHRdN3k,"thank you so much , better than evrything.Thank you for ensuring that our training sessions weren't lost during the days of war and internet outages.",5,0,6.85.7,2026-06-30 11:54:23,,,6.85.7,Duolingo,com.duolingo
d8e2f878-d3e7-4bb9-8ad5-2e7ef854c6b3,Raha Naveshki,https://play-lh.googleusercontent.com/a/ACg8ocLvWsNTjvHzFHiVHa8iGbGGfHvBHUYfGJN_6-b0xJRUcJAekQ=mo,I'm going to learning Korea and it learning perfect,4,0,6.85.7,2026-06-30 11:53:30,,,6.85.7,Duolingo,com.duolingo
fd81bd8a-a50d-4fb9-9e2c-189fa3f23635,OTUGBO khakana Sylvester,https://play-lh.googleusercontent.com/a-/ALV-UjV7sHy5QnYlXFu0Ibc8ZV9unUodnpECYbNaje6jRzIl481pyc8,it's making me wiser i observed in my day to day activities,5,0,6.84.4,2026-06-30 11:53:21,,,6.84.4,Duolingo,com.duolingo
0089d1eb-78cc-47ce-a8fb-0dd491f0dee0,Mildred Morka,https://play-lh.googleusercontent.com/a-/ALV-UjUeTbCZMhz6NvTajdb4dODud4PDsABCa7gg7pdT8jvuFn_FWwYF,dulingo love,5,0,6.85.7,2026-06-30 11:52:53,,,6.85.7,Duolingo,com.duolingo
61151375-5666-4083-abcc-7230abdf7b67,James Bird,https://play-lh.googleusercontent.com/a/ACg8ocK6_0fXPa58fXMWt54x5Vhi6clJI7weu4CVS8g0G5PicS6gWQ=mo,"Very very nice language learning app, however ive noticed that my aunt sometimes never gets the rewards for completing the friend quest",5,0,6.85.7,2026-06-30 11:52:41,,,6.85.7,Duolingo,com.duolingo
76517ea1-0025-4bee-8a96-f6dff09f5b29,Ariannah Monts,https://play-lh.googleusercontent.com/a/ACg8ocJl1PrCMlu1v3-ztmBDZJspfZ-G8pjEizC9uO15al_LBr2Pmw=mo,this app helped me sooo much I've been on it for a week and already learned A LOT 😃,5,0,6.84.4,2026-06-30 11:52:31,,,6.84.4,Duolingo,com.duolingo
53a42211-8cbe-4830-82b5-daa00e5b1b56,Blake Alldrin,https://play-lh.googleusercontent.com/a/ACg8ocJErmVcdCNl54cFA5DvX3Kzgm2DCSSsuCMQIG6FGnyIzzP6tQ=mo,sucks balls,1,0,6.85.7,2026-06-30 11:52:27,,,6.85.7,Duolingo,com.duolingo
b11b5b4b-3789-43ac-adf2-acfa0acce5b9,Mohamid Albori,https://play-lh.googleusercontent.com/a/ACg8ocI9kgABu85-V2zdRvksGqhNbVym5KzeF2BXShp41YZzX_oyRw=mo,Duolingo is the best app for learning the language,5,0,,2026-06-30 11:51:49,,,,Duolingo,com.duolingo
5c8c5d2b-4915-4496-8174-83e2d095f6e4,Alex Dabija,https://play-lh.googleusercontent.com/a/ACg8ocKoGZS13ln856BHlu2ex8CNitR2no4AW-CjxiABsQJSYZ0b5Q=mo,it's good for beginners,4,0,6.85.7,2026-06-30 11:51:24,,,6.85.7,Duolingo,com.duolingo
e257d96a-37bc-4958-b103-ae1a123396ed,Chiamaka Maduwuba,https://play-lh.googleusercontent.com/a-/ALV-UjWox80F2jryFUId06JRdm_pHXhhnY0fziemFu1qP6I_Pdkzhbo,can I change language,1,0,6.83.4,2026-06-30 11:51:13,,,6.83.4,Duolingo,com.duolingo
32ef6e59-3fc6-4997-af2b-423adc1afdd0,Exotic Apex,https://play-lh.googleusercontent.com/a/ACg8ocIARlqNHVsGnZHyDfISrrc4x8JC2gf8V4dTDWwW6eObM700og=mo,"Really fun, it's like playing a game but your learning. How cool is that?",5,0,6.85.7,2026-06-30 11:49:49,,,6.85.7,Duolingo,com.duolingo
86e43ead-a87e-49de-b659-67dccaa430f9,Tamanna Thakur,https://play-lh.googleusercontent.com/a/ACg8ocKOV2jkM9y16IbYbEw7IMMfOOYp2KAtiXOH31DV582Ir4gVdw=mo,it's is good,5,0,6.85.7,2026-06-30 11:49:49,,,6.85.7,Duolingo,com.duolingo
bde5d102-8bb2-48a2-ab3f-3b9e3678136f,Noman Siddik,https://play-lh.googleusercontent.com/a/ACg8ocKZyXnWS8NdVamjrFt7avYu317lVNEvlNLXbJWXN9pDCpnpmQ=mo,nice application,5,0,6.85.7,2026-06-30 11:49:15,,,6.85.7,Duolingo,com.duolingo
0283bf80-2340-4c40-b516-9f85492cc9db,Asianzu Zadok AR,https://play-lh.googleusercontent.com/a-/ALV-UjWlKmR5OoweqecnflMHFnM8NxWhWFNbjDkOFg9i3FohItbUJ1QY,it's 👍,3,0,6.85.7,2026-06-30 11:47:24,,,6.85.7,Duolingo,com.duolingo
3b9dfdc8-8ccc-4900-b4b5-434ec4097f96,Star Gh,https://play-lh.googleusercontent.com/a-/ALV-UjWhojVy811CJVkbm-r3oeh8w4GiU3sVkwsvjFsXt7ExiNrghks,good,5,0,6.85.7,2026-06-30 11:47:14,,,6.85.7,Duolingo,com.duolingo
9a86218f-3cb1-43cc-80c8-9bd52c244e33,فواد Azimi,https://play-lh.googleusercontent.com/a/ACg8ocKZMkU4EKYPXkj2GROwY4et1V5_t-uImfn_yNWHm6xRo5mjaw=mo,it's so great,5,0,6.83.4,2026-06-30 11:46:16,,,6.83.4,Duolingo,com.duolingo
c90f6819-b9d5-4cc3-b69d-a5c7daf82421,Iannis Stoica,https://play-lh.googleusercontent.com/a/ACg8ocIkgkUZdap5km55Dn0HyzK-P_JdHnCuTqOXi9PCo2SdeI3W-g=mo,very very good,5,0,,2026-06-30 11:45:28,,,,Duolingo,com.duolingo
cd499879-38c1-493d-b282-af1b84220b01,dominic denis,https://play-lh.googleusercontent.com/a-/ALV-UjUh4Ko3WdmB2Si2OAjkc9otxTKi9ocDMVBR5pUk_okA-NXLQdXiWg,great way to learn is so fun!,5,0,6.85.7,2026-06-30 11:44:37,,,6.85.7,Duolingo,com.duolingo
